,Smiles,labels,
427,COc1cccc2[nH]c(cc12)C(=O)NC(CC(C)C)C(=O)NC(CC1CCNC1=O)C(=O)COC(=O)c1cnccc1C,1,
330,CNC(=O)C1(CC(=O)Nc2cncc3ccccc23)CCOc2ccc(Cl)cc12,0,1
248,Clc1ccc2CNCC(C(=O)Nc3cncc4ccccc34)c2c1,0,1
499,Fc1cccc(CCC(=O)N2CC3CCCC3C2C(=O)NC(CC2CCNC2=O)C=O)c1,1,
107,CC1(C)C2CN(C(C12)C(=O)NC(CC1C(=O)NCC1(C)C)C=O)C(=O)COc1ccc(Cl)cc1Cl,1,
253,Clc1ccc2OCCC(C(=O)Nc3cncc4[nH]c(=O)[nH]c34)c2c1,0,1
503,Fc1cccc(CCNC(=O)C(N(C(=O)c2ccco2)c2ccc(cc2)-c2n[nH]c3CCOCc23)c2cccnc2)c1,0,1
277,Clc1cccc(CC(=O)Nc2cnccc2-c2ccccc2)c1,0,1
558,O=C(NC1CCC2SCC(N2C1=O)C(=O)NC(CC1CCNC1=O)C#N)OCc1ccccc1,0,
96,CC(C)Cn1cc(NC(=O)NCc2ccco2)c2ccccc2c1=O,0,
125,CC1(C)C2CN(C(C12)C(=O)NC(CC1CCNC1=O)C=O)C(=O)COc1ccc(Cl)cc1Cl,1,
123,CC1(C)C2CN(C(C12)C(=O)NC(CC1CCNC1=O)C=O)C(=O)COc1ccc(Cl)c(Cl)c1,1,
8,CC(=O)NC(C(=O)N1CC2C(C1C(=O)NC(CC1CCNC1=O)C(=O)c1nc3ccccc3s1)C2(C)C)C(C)(C)C,1,
43,CC(C)(C)c1ccc(N(C(C(=O)NC2CCCCC2)c2cccnc2)C(=O)CCl)c(Br)c1,0,
88,CC(C)CC(NC(=O)c1nc2ccccc2[nH]1)C(=O)NN(CCC(N)=O)C(=O)CCl,1,
25,CC(C)(C)c1ccc(cc1)N(C(C(=O)NC1CCCCC1)c1ccc(nc1)C#N)C(=O)CCl,0,
126,CC1(C)C2CN(C(C12)C(=O)NC(CC1CCNC1=O)C=O)C(=O)COc1ccc(F)c(F)c1,1,
285,Clc1cccc(NC(=O)Cn2nnc3ccccc23)c1,0,
574,OC1CC(O)(CC(OC(=O)C=Cc2ccc(O)c(O)c2)C1O)C(O)=O,0,
463,CS(=O)(=O)N1CCc2ccc(CN3CCN(CC3)C(=O)CCl)cc2C1,0,
555,O=C(NC(CC1CCNC1=O)C#N)C(CC1CC1)n1ccc2[nH]cnc2c1=O,0,
80,CC(C)CC(NC(=O)c1cc2cc(Cl)ccc2[nH]1)C(=O)NN(CCC(N)=O)C(=O)C(F)Cl,1,
443,COc1cccc2[nH]c(cc12)C(=O)NC(CC1CC1)C(=O)NC(CC1CCCNC1=O)C#N,0,
515,Fc1cccc(CCNC(=O)C(N(C(=O)c2cocn2)c2cnc(nc2)C2CCC2)c2cccnc2)c1,0,
176,Cc1ccncc1NC(=O)Cc1cc(Cl)cc(OCc2cc(no2)-c2ccc(Cl)cc2)c1,0,
245,Clc1ccc(OCC(=O)N2CC3CCCC3C2C(=O)NC(CC2CCNC2=O)C=O)c(Cl)c1,1,
233,Clc1cc(OCc2ccccc2Cl)cc(c1)C1C=C(C(=O)N(C1=O)c1cccnc1)c1c[nH]c(=O)[nH]c1=O,1,
442,COc1cccc2[nH]c(cc12)C(=O)NC(CC(C)C)C(=O)NN(CCC(N)=O)C(=O)C(F)Cl,1,
197,CC1CNC(=O)C1CC(NC(=O)C1C2CCCC2CN1C(=O)COc1cccc(c1)-c1ccccc1)C(=O)CF,1,
523,Fc1ccccc1N1CCN(CC1)C(=O)c1cc(=O)[nH]c2ccccc12,0,
471,FC(F)(F)CN1CCOCC1C(=O)NCC1(CCOc2ccc(Cl)cc12)C(=O)Nc1cncc2ccccc12,0,
316,Cn1c(nc2ccccc12)C(NC(=O)Cc1cc2ccccc2[nH]1)c1cccc(Cl)c1,0,
487,Fc1c(Cl)cc(cc1OCc1ccccc1Cl)C1C=C(C(=O)N(C1=O)c1cccnc1)c1c[nH]c(=O)[nH]c1=O,1,
84,CC(C)CC(NC(=O)c1cc2ccncc2[nH]1)C(=O)NN(CCC(N)=O)C(=O)C(F)Cl,1,
549,O=C(Cc1ccsc1)N1CCN(CC1)c1cc(n[nH]1)-c1cccs1,0,
198,CC1CNC(=O)C1CC(NC(=O)C1C2CCCC2CN1C(=O)COc1cccc(c1)-c1ccccc1)C=O,1,
349,COc1cc(cc(C=O)c1OCC(=O)N(C)C)-c1cccc2[nH]ncc12,1,
261,Clc1ccc2OCCC3(OC(=O)N(C3=O)c3cncc4ccccc34)c2c1,0,
270,Clc1cccc(CC(=O)Nc2cnc(C#N)c3ccccc23)c1,0,
335,COC(=O)c1c(NCCCc2ccccc2)c2cc(F)ccc2[nH]c1=O,0,
307,CN(C)C(=O)CC1(CCOc2ccc(Cl)cc12)C(=O)Nc1cncc2ccccc12,0,
145,Cc1cc(O)c2C(=O)C3CC(O)(C4=C3C(=O)c3cccc(O)c3C4=O)c2c1,0,
344,COC1(CCOc2ccc(Cl)cc12)C(=O)Nc1cncc2ccccc12,0,
102,CC(NC(=O)CCl)c1cc(F)cc(Cl)c1,0,
283,Clc1cccc(CN2CCN(CC2)C(=O)C=O)c1,0,
52,CC(C)(c1ccc(cc1)N(C(C(=O)NCCc1cccc(F)c1)c1cccnc1)C(=O)c1cocn1)S(C)(=O)=O,0,
41,CC(C)(C)c1ccc(cc1)N(C(C(=O)NCCc1cccc(F)c1)c1cncc(O)c1)C(=O)C=C,0,
373,COc1ccc(OCC(=O)N2CC3C(C2C(=O)NC(CC2CCNC2=O)C=O)C3(C)C)cc1,1,
252,Clc1ccc2OCCC(C(=O)Nc3cc(=O)[nH]c4ccccc34)c2c1,0,
339,COC(=O)NC(C(=O)N1CC2C(C1C(=O)NC(CC1CCNC1=O)C#N)C2(C)C)C(C)(C)C,1,
343,COC1(CCOc2ccc(Cl)cc12)C(=O)Nc1cncc2ccc(F)cc12,0,
161,CC1CCN(CC(=O)Nc2cnccc2C)CC1,0,
372,COc1ccc(OC(C)C(=O)N2CC3CCCC3C2C(=O)NC(CC2CCNC2=O)C=O)cc1,1,
98,CC(C)Oc1cc(Cl)cc(c1)N(CCC1CCCCC1)C(=O)Nc1cnccc1C,0,
507,Fc1cccc(CCNC(=O)C(N(C(=O)c2cocn2)c2ccc(cc2)N2CCCC2=O)c2cccnc2)c1,0,
130,CC1(C)CNC(=O)C1CC(NC(=O)C1C2CCCC2CN1C(=O)COc1ccc(Cl)cc1Cl)C=O,1,
144,Cc1cc(no1)C(=O)NC1CCC2SCC(N2C1=O)C(=O)NC(CC1CCNC1=O)C#N,0,
353,COc1cc2cc([nH]c2cn1)C(=O)NC(CC(C)C)C(=O)NN(CCC(N)=O)C(=O)C(F)Cl,1,
113,CC1(C)C2CN(C(C12)C(=O)NC(CC1CCNC1=O)C#N)C(=O)C(Cc1ccccn1)NC(=O)C(F)(F)F,1,
134,Cc1[nH]ncc1CC(=O)Nc1cccc(Cl)c1,0,
464,CSc1ccc(CN(C(C(=O)NCCc2cccc(F)c2)c2cccnc2)C(=O)c2ccco2)cc1C#N,0,
334,CNc1cncc(NC(=O)C2CCOc3ccc(Cl)cc23)c1C,0,
299,ClCC(=O)N1CCN(Cc2cccc(CNC(=O)N3CCOCC3)c2)CC1,0,
324,CN1CCCN(C1=O)c1ccc(cc1)N(C(C(=O)NCCc1cccc(F)c1)c1cccnc1)C(=O)c1cocn1,0,
251,Clc1ccc2OCCC(C(=O)Nc3c[nH]c(=O)c4ccccc34)c2c1,0,
183,Cc1ccncc1NC(=O)CN1C(=O)COc2ccc(Cl)cc12,0,
312,CN(Cc1ccccc1)C(=O)CSc1c[nH]c2c(Br)cccc12,0,
259,Clc1ccc2OCCC(CCC3CC3)(C(=O)Nc3cncc4ccccc34)c2c1,0,
249,Clc1ccc2OCC(C(=O)Nc3cncc4ccccc34)c2c1,0,
367,COc1ccc(CCC(=O)N2CC3CCCC3C2C(=O)NC(CC2CCNC2=O)C=O)cc1,1,
547,O=C(Cc1ccc2[nH]c(=O)[nH]c2c1)NC1(CNC(=O)c2cnc[nH]2)CC1,0,
295,ClCC(=O)C(CC1CCNC1=O)NC(=O)C1C2CCCC2CN1C(=O)COc1ccc(Cl)cc1Cl,1,
110,CC1(C)C2CN(C(C12)C(=O)NC(Cc1ccccc1)C=O)C(=O)c1ccc2ccccc2n1,0,
112,CC1(C)C2CN(C(C12)C(=O)NC(CC1CCNC1=O)C#N)C(=O)C(CC1CCC1)NC(=O)C(F)(F)F,1,
522,Fc1ccccc1COc1cc(Cl)cc(c1)C1C=C(C(=O)N(C1=O)c1cccnc1)c1c[nH]c(=O)[nH]c1=O,1,
36,CC(C)(C)c1ccc(cc1)N(C(C(=O)NCCc1cccc(F)c1)c1cccnc1)C(=O)c1cc(on1)C1(O)COC1,0,
287,Clc1cccc2cc([nH]c12)C(=O)N1CC2(CCC2)CC1C(=O)NC(CC1CCCNC1=O)C#N,0,
297,ClCC(=O)N1CCc2sccc2C1c1cccs1,0,
486,FC1(F)CCC(CC1)NC(=O)C(N(C(=O)CS)c1ccc(cc1)-c1cncs1)c1cncnc1,0,
378,COc1ccc2c(NC(=O)C3CCOc4ccc(Cl)cc34)noc2c1,0,
250,Clc1ccc2OCC(Cc2c1)C(=O)Nc1cncc2ccccc12,0,
95,CC(C)CCN1C(=O)C(=O)c2cc(Br)ccc12,0,
438,COc1cccc2[nH]c(cc12)C(=O)NC(CC(C)C)C(=O)NC(CC1CCNC1=O)C(O)C#N,0,
137,Cc1cc(Cl)ccc1OCC(=O)N1CC2CCCC2C1C(=O)NC(CC1CCNC1=O)C=O,1,
560,O=C(Nc1cccnc1)C(N1Cc2ccccc2C1=O)c1ccccc1,0,
363,COc1ccc(cc1)N(C(C(=O)NCCc1cccc(F)c1)c1cccnc1)C(=O)c1cocn1,0,
160,Cc1ccn(C(CC2CC2)C(=O)NC(CC2CCNC2=O)C#N)c(=O)c1NCC(F)(F)F,0,
4,Brc1cccc2C(=O)C(=O)Nc12,0,
6,CC(=O)c1ccc(cc1)N(C(C(=O)NCCc1cccc(F)c1)c1cccnc1)C(=O)c1ccco1,0,
99,CC(C)S(=O)(=O)c1ccc(cc1)N(C(C(=O)NCCc1cccc(F)c1)c1cccnc1)C(=O)c1cocn1,0,
296,ClCC(=O)N1CCc2sccc2C1c1ccccc1,0,
149,Cc1ccc(CC(=O)Nc2cncc3ccccc23)cc1,0,
333,CNC(=O)NC(C(=O)N1CC2C(C1C(=O)NC(CC1CCNC1=O)C#N)C2(C)C)C(C)(C)C,1,
525,FCCOc1ccc2NC(=O)C(=O)c2c1,0,
304,CN(C(=O)Cc1cccc(Cl)c1)c1cncc2ccccc12,0,
242,Clc1ccc(OCC(=O)N2CC3CCCC3C2C(=O)NC(CC2CCNC2=O)C(=O)C(=O)NC2CC2)c(Cl)c1,1,
260,Clc1ccc2OCCC3(NC(=O)N(C3=O)c3cncc4ccccc34)c2c1,0,
243,Clc1ccc(OCC(=O)N2CC3CCCC3C2C(=O)NC(CC2CCNC2=O)C(=O)C(=O)NCc2ccccc2)c(Cl)c1,0,
561,O=C(Nc1cccnc1)NC1(CC1)C#Cc1c[nH]cn1,0,
407,COc1cccc2[nH]c(cc12)C(=O)NC(CC(C)C)C(=O)NC(CC1CCCNC1=O)C(=O)COC(=O)c1c(C)nc(C)cc1C(F)(F)F,1,
462,CS(=O)(=O)Cc1ccc(cc1)N(C(C(=O)NCCc1cccc(F)c1)c1cccnc1)C(=O)c1cocn1,0,
182,Cc1ccncc1NC(=O)CCc1cccc(F)c1,0,
578,Oc1ccc(Cl)cc1C(=O)Nc1cnccc1Cl,0,
437,COc1cccc2[nH]c(cc12)C(=O)NC(CC(C)C)C(=O)NC(CC1CCNC1=O)C(NCC(O)=O)C#N,0,
244,Clc1ccc(OCC(=O)N2CC3CCCC3C2C(=O)NC(CC2CCNC2=O)C(=O)C(=O)NCc2ccccn2)c(Cl)c1,0,
172,Cc1ccncc1NC(=O)CC(N1CCC(O)CC1)c1ccccc1,0,
348,COc1cc(C=CN(=O)=O)cc(OC)c1OC,0,
27,CC(C)(C)c1ccc(cc1)N(C(C(=O)NC1CCCCC1)c1cccnc1)C(=O)C=O,0,
537,NC(=O)CCN(NC(=O)C(CC1CCCCC1)NC(=O)OCc1ccccc1)C(=O)CCl,1,
111,CC1(C)C2CN(C(C12)C(=O)NC(CC1CCNC1=O)C#N)C(=O)C(CC(F)F)NC(=O)C(F)(F)F,1,
33,CC(C)(C)c1ccc(cc1)N(C(C(=O)NCCc1cccc(F)c1)c1cccnc1)C(=O)c1c[nH]c(=O)cn1,0,
104,CC(OC(C)(C)C)C(NC(=O)OCc1ccccc1)C(=O)NC(CC1CCCCC1)C(=O)NC(CC1CCNC1=O)C=O,1,
364,COc1ccc(cc1)S(=O)(=O)N1CCN(CC1)C(=O)CCl,0,
49,CC(C)(C)OC(=O)Nc1cccn(C(CC2CC2)C(=O)NC(CC2CCNC2=O)C(O)C(=O)NCc2ccccc2)c1=O,1,
412,COc1cccc2[nH]c(cc12)C(=O)NC(CC(C)C)C(=O)NC(CC1CCNC1=O)C(=O)CO,1,
78,CC(C)CC(NC(=O)C=Cc1ccccc1)C(=O)NC(CC1CCNC1=O)C=O,1,
57,CC(C)(Oc1ccc(Cl)cc1Cl)C(=O)N1Cc2ccccc2CC1C(=O)NC(CC1CCNC1=O)C=O,1,
281,Clc1cccc(CC(C(=O)Nn2nnc3ccccc23)c2ccc(cc2)N2CCCCC2=O)c1,0,
97,CC(C)Cn1cc(NC(=O)NCCc2c(C)noc2C)c2ccccc2c1=O,0,
423,COc1cccc2[nH]c(cc12)C(=O)NC(CC(C)C)C(=O)NC(CC1CCNC1=O)C(=O)COC(=O)c1cccnc1C,1,
342,COC1(CCOc2cc(F)c(Cl)cc12)C(=O)Nc1cncc2ccccc12,0,
156,Cc1ccc(NC2=C(C(=O)N(Cc3cccnc3)C2=O)c2ccccc2)cc1Cl,0,
19,CC(C)(C)C(NCc1ccc(Cl)cc1Cl)C(=O)N1CC2CCCC2C1C(=O)NC(CC1CCNC1=O)C=O,1,
89,CC(C)CC(NC(=O)Nc1ccc(cc1)-c1noc(n1)-c1cccs1)C(=O)N(C)N(C)C#N,0,
206,Cc1oc2ccc(cc2c1C)N(C(C(=O)NC1CCCCC1)c1cccnc1)C(=O)CCl,0,
493,Fc1ccc(cc1)S(=O)(=O)N1CCCN(CC1)C(=O)CCl,0,
18,CC(C)(C)C(NC(=O)COc1ccc(F)cc1)C(=O)N1CC2C(C1C(=O)NC(CC1CCNC1=O)C#N)C2(C)C,1,
420,COc1cccc2[nH]c(cc12)C(=O)NC(CC(C)C)C(=O)NC(CC1CCNC1=O)C(=O)COC(=O)C1CCCCN1C,1,
451,COc1ccccc1N1CCN(CC1)C(=O)c1cc(=O)[nH]c2ccccc12,0,
521,Fc1ccccc1CC(=O)Nc1cncc2ccccc12,0,
23,CC(C)(C)c1ccc(cc1)N(C(C(=O)N1CCOCC1)c1cccnc1)C(=O)c1ccco1,0,
570,OC(=O)CC1(CCOc2ccc(Cl)cc12)C(=O)Nc1cncc2ccccc12,0,
275,Clc1cccc(CC(=O)Nc2cncc3ncccc23)c1,0,
228,Clc1cc(CC(=O)Nc2cncc3ccccc23)cc(c1)-c1nnn[nH]1,0,
505,Fc1cccc(CCNC(=O)C(N(C(=O)c2cocn2)c2ccc(cc2)C2CC(=O)NC(=O)C2)c2cccnc2)c1,0,
5,CC#CC(CC(O)=O)c1ccc(OCc2cccc(c2)-c2ccc(cc2)C(F)(F)F)cc1,0,
237,Clc1ccc(CC(=O)Nc2cncc3ccccc23)cc1,0,
517,Fc1cccc(CNC(=S)N2CC3CCCC3C2C(=O)NC(CC2CCNC2=O)C=O)c1,1,
513,Fc1cccc(CCNC(=O)C(N(C(=O)c2cocn2)c2ccccc2)c2cccnc2)c1,0,
81,CC(C)CC(NC(=O)c1cc2ccccc2[nH]1)C(=O)NN(CC1CCNC1=O)C(=O)CCl,1,
318,Cn1cc(cn1)-c1ccc(cc1)N(Cc1ccsc1)C(=O)Cn1nnc2ccccc12,0,
31,CC(C)(C)c1ccc(cc1)N(C(C(=O)NCC1CCCO1)c1cccnc1)C(=O)C=C,0,
153,Cc1ccc(cc1C)N(C(C(=O)NC1CCCCC1)c1cccnc1)C(=O)CCl,0,
269,Clc1cccc(CC(=O)Nc2cccnc2)c1,0,
173,Cc1ccncc1NC(=O)Cc1cc(Cl)cc(NC2CCC(F)(F)C2O)c1,0,
575,Oc1cc2oc(cc(=O)c2c(O)c1O)-c1ccccc1,1,
180,Cc1ccncc1NC(=O)Cc1cccc(I)c1,0,
569,O=S(=O)(Nc1ccccc1)c1cc2OCOc2cc1OCc1ccccc1,0,
217,CCCCC1CCC(CC1)OC(=O)NC(CC(C)C)C(=O)NC(CC1CCNC1=O)C=O,1,
526,NC(=N)Nc1ccc(cc1Cl)-c1ccc(o1)-c1ccc(NC(N)=N)c(Cl)c1,1,
42,CC(C)(C)c1ccc(cc1)N(C(C(=O)NCCN1CCOCC1)c1cccnc1)C(=O)c1cocn1,0,
288,Clc1cncc(OC(=O)c2c[nH]c3ccccc23)c1,0,
226,CCS(=O)(=O)NC(C(C)C)C(=O)N1CC2C(C1C(=O)NC(CC1CCNC1=O)C(=O)c1nc3ccccc3s1)C2(C)C,1,
410,COc1cccc2[nH]c(cc12)C(=O)NC(CC(C)C)C(=O)NC(CC1CCCNC1=O)C(=O)COC(=O)c1c(Cl)cccc1Cl,1,
554,O=C(NC(CC1CC1)C(=O)NC1(CC2CCC1C1C2C(=O)NC1=O)C#N)OCc1ccccc1,0,
376,COc1ccc(OCC(=O)N2CC3CCCC3C2C(=O)NC(CC2CCNC2=O)C=O)cc1,1,
387,COc1cccc(CN2CCN(CC2)C(=O)c2cc(=O)[nH]c3ccccc23)c1,0,
401,COc1cccc2[nH]c(cc12)C(=O)NC(CC(C)C)C(=O)NC(Cc1cccnc1)C#N,0,
392,COc1cccc2[nH]c(cc12)C(=O)N1CC2(CC1C(=O)NC(CC1CCCNC1=O)C#N)CCCCC2,0,
124,CC1(C)C2CN(C(C12)C(=O)NC(CC1CCNC1=O)C=O)C(=O)COc1ccc(Cl)cc1,1,
229,Clc1cc(CC(=O)Nc2cncc3ccccc23)cc(OC2CCC(=O)N2)c1,0,
271,Clc1cccc(CC(=O)Nc2cncc3[nH]ncc23)c1,0,
429,COc1cccc2[nH]c(cc12)C(=O)NC(CC(C)C)C(=O)NC(CC1CCNC1=O)C(=O)COC(=O)Cc1c(C)cccc1Cl,1,
359,COc1ccc(c2[nH]c(cc12)C(=O)NC(CC(C)C)C(=O)NC(CC1CCNC1=O)C#N)C(F)(F)F,1,
127,CC1(C)C2CN(C(C12)C(=O)NC(CC1CCNC1=O)C=O)C(=O)COc1ccc(OC(F)(F)F)cc1,1,
0,[O-][N+](=O)c1ccc2N(Cc3ccccc3)C(=O)C(=O)c2c1,0,
533,NC(=O)CCN(NC(=O)C(CC1CCCCC1)NC(=O)C=Cc1ccc(Cl)cc1F)C(=O)CCl,1,
369,COc1ccc(F)c2[nH]c(cc12)C(=O)NC(CC(C)(C)C)C(=O)NC(CC1CCNC1=O)C#N,1,
430,COc1cccc2[nH]c(cc12)C(=O)NC(CC(C)C)C(=O)NC(CC1CCNC1=O)C(=O)COC(=O)Cc1c(C)cccc1F,1,
510,Fc1cccc(CCNC(=O)C(N(C(=O)c2cocn2)c2ccc3nc([nH]c3c2)C(F)(F)F)c2cccnc2)c1,0,
504,Fc1cccc(CCNC(=O)C(N(C(=O)c2cnc[nH]2)c2ccc(OC3CCOC3)cc2)c2cccnc2)c1,0,
302,ClCC(=O)Nc1cc(nn1-c1ccccc1)-c1ccccc1,0,
267,Clc1cccc(CC(=O)NC2CC(=O)c3ccccc23)c1,0,
105,CC(Oc1ccc(Cl)cc1Cl)C(=O)N1CC2CCCC2C1C(=O)NC(CC1CCNC1=O)C=O,1,
53,CC(C)(CCc1ccc(Cl)c(F)c1)C(=O)N1CC2CCCC2C1C(=O)NC(CC1CCNC1=O)C=O,1,
116,CC1(C)C2CN(C(C12)C(=O)NC(CC1CCNC1=O)C#N)C(=O)C(NS(=O)(=O)C(F)(F)F)C1CCCCC1,1,
165,Cc1ccnc(NC(=O)C2CCOc3ccc(Cl)cc23)c1N,0,
528,NC(=O)Cc1ccc2N(Cc3ccc4ccccc4c3)C(=O)C(=O)c2c1,0,
519,Fc1cccc(NC(=O)C(N2Cc3ccccc3C2=O)c2ccccc2)c1,0,
474,FC(F)(Oc1ccc(Cl)cc1Cl)C(=O)N1CC2CCCC2C1C(=O)NC(CC1CCNC1=O)C=O,1,
7,CC(=O)N1CCN(CC(=O)Nc2cncc3ccccc23)CC1,0,
262,Clc1cccc(c1)C(NC(=O)Cn1cc(C#N)c(=O)[nH]c1=O)C(=O)Nc1cncc2ccccc12,0,
256,Clc1ccc2OCCC(C(=O)Nc3n[nH]c4ccncc34)c2c1,0,
579,Oc1cccc(CCC(=O)N2CC3CCCC3C2C(=O)NC(CC2CCNC2=O)C=O)c1,1,
55,CC(C)(CO)C(NC(=O)C(F)(F)F)C(=O)N1CC2C(C1C(=O)NC(CC1CCNC1=O)C#N)C2(C)C,1,
473,FC(F)(F)Oc1ccc(N(C(C(=O)NC2CCC(F)(F)CC2)c2cncnc2)C(=O)CCl)c(c1)C#N,1,
337,COC(=O)CC(NC(=O)C1C2C(CN1C(=O)C=Cc1ccccc1)C2(C)C)C(=O)CF,1,
467,FC(Cl)C(=O)N(C(C(=O)NC1CCC(F)(F)CC1)c1cncnc1)c1ccc(OC(F)(F)F)cc1C#N,0,
132,CC1(CCS(=O)(=O)C1)n1cc(CNCC2(CCOc3ccc(Cl)cc23)C(=O)Nc2cncc3ccccc23)cn1,0,
75,CC(C)CC(NC(=O)C(NC(=O)OCc1ccccc1)C(C)C)C(=O)NC(CC1CCNC1=O)C=O,1,
321,Cn1ccc2cc(ccc12)N(C(C(=O)NCCc1cccc(F)c1)c1cccnc1)C(=O)c1cocn1,0,
496,Fc1ccc2[nH]nc(NC(=O)Cc3cccc(Cl)c3)c2c1,0,
204,Cc1nnn(n1)-c1ccc(cc1)N(C(C(=O)NCCc1cccc(F)c1)c1cccnc1)C(=O)c1cocn1,0,
155,Cc1ccc(NC2=C(C(=O)N(Cc3cccnc3)C2=O)c2ccccc2)cc1C,0,
468,FC(F)(F)c1cc(NC(=O)c2cnc(Cl)nc2C(F)(F)F)cc(c1)C(F)(F)F,0,
166,Cc1ccnc2[nH]c(CC3CCN(CC3)C(=O)CCl)nc12,0,
535,NC(=O)CCN(NC(=O)C(CC1CCCCC1)NC(=O)c1cc2ccccc2[nH]1)C(=O)CCl,1,
211,CCc1cc(F)ccc1-c1cc(Cl)cc(CC(=O)Nc2cnccc2C)c1,0,
241,Clc1ccc(NC(=O)C(N2Cc3ccccc3C2=O)c2ccccc2)cc1,0,
340,COC1(CCOc2c(F)cc(F)cc12)C(=O)Nc1cncc2ccccc12,0,
114,CC1(C)C2CN(C(C12)C(=O)NC(CC1CCNC1=O)C#N)C(=O)C(CCC(F)(F)F)NC(=O)C(F)(F)F,1,
546,NS(=O)(=O)c1ccc(cc1)N1CCC(CC1)Nc1ccc(F)cc1,0,
328,Cn1ncc2cc(ccc12)N(C(C(=O)NCCc1cccc(F)c1)c1cccnc1)C(=O)c1cocn1,0,
500,Fc1cccc(CCN(C(C(=O)NC2CCC(F)(F)CC2)c2cncnc2)C(=O)C2CO2)c1,0,
224,CCN(CCO)CCCC(C)Nc1ccnc2cc(Cl)ccc12,0,
12,CC(C)(C)C(NC(=O)C(C)(C)C)C(=O)N1CC2C(C1C(=O)NC(CC1CCNC1=O)C(=O)c1nc3ccccc3s1)C2(C)C,1,
347,COc1c(F)ccc2[nH]c(cc12)C(=O)NC(CC(C)C)C(=O)NC(CC1CCNC1=O)C#N,1,
56,CC(C)(Oc1ccc(Cl)cc1Cl)C(=O)N1CC2CCCC2C1C(=O)NC(CC1CCNC1=O)C=O,1,
162,Cc1ccn2cnnc2c1NC(=O)Cc1cccc(Cl)c1,0,
419,COc1cccc2[nH]c(cc12)C(=O)NC(CC(C)C)C(=O)NC(CC1CCNC1=O)C(=O)COC(=O)c1ccccn1,1,
518,Fc1cccc(F)c1S(=O)(=O)N1CCCN(CC1)C(=O)CCl,0,
146,Cc1ccc(c(F)c1F)-c1cc(Cl)cc(CC(=O)Nc2cnccc2C)c1,0,
13,CC(C)(C)C(NC(=O)C(F)(F)F)C(=O)N1CC(CC1C(=O)NC(CC1CCNC1=O)C#N)C(F)(F)F,1,
417,COc1cccc2[nH]c(cc12)C(=O)NC(CC(C)C)C(=O)NC(CC1CCNC1=O)C(=O)COC(=O)c1c(C)nc(C)nc1C,1,
441,COc1cccc2[nH]c(cc12)C(=O)NC(CC(C)C)C(=O)NC(Cc1cncn1C)C#N,0,
405,COc1cccc2[nH]c(cc12)C(=O)NC(CC(C)C)C(=O)NC(CC1CCCNC1=O)C(=O)COC(=O)C1(C)OCCCO1,1,
365,COc1ccc(cc1NC(=O)C1CCCCC1)N(C(C(=O)NCCc1cccc(F)c1)c1cccnc1)C(=O)c1ccco1,0,
62,CC(C)C(NC(=O)OC(C)(C)C)C(=O)N1CC2C(C1C(=O)NC(CC1CCNC1=O)C(=O)c1nc3ccccc3s1)C2(C)C,1,
366,COc1ccc(CCC(=O)N2CC3CCCC3C2C(=O)NC(CC2CCNC2=O)C=O)c(Cl)c1,1,
37,CC(C)(C)c1ccc(cc1)N(C(C(=O)NCCc1cccc(F)c1)c1cccnc1)C(=O)c1ccc(O)c(=O)o1,0,
346,COc1c(F)cc(F)c2[nH]c(cc12)C(=O)NC(CC(C)C)C(=O)NC(CC1CCNC1=O)C#N,1,
221,CCCCN(CCCNC(=O)Nc1cn(CC(C)C)c(=O)c2ccccc12)c1ccccc1,0,
326,Cn1cnc(n1)C(=O)N(C(C(=O)NCCc1cccc(F)c1)c1cccnc1)c1ccc(cc1)C(C)(C)C,0,
239,Clc1ccc(CCC(=O)N2CC3CCCC3C2C(=O)NC(CC2CCNC2=O)C=O)cc1,1,
352,COc1cc(OCC(=O)N2CC3C(C2C(=O)NC(CC2CCNC2=O)C=O)C3(C)C)cc(OC)c1OC,1,
222,CCCCN1C(=O)C(=O)c2cc(Br)cc(C)c12,0,
435,COc1cccc2[nH]c(cc12)C(=O)NC(CC(C)C)C(=O)NC(CC1CCNC1=O)C(=O)COP(O)(O)=O,1,
301,ClCC(=O)N1N=C(CC1c1cccs1)c1ccco1,0,
478,FC(F)Oc1ccc(cc1)N(C(C(=O)NCCc1cccc(F)c1)c1cccnc1)C(=O)c1c[nH]cn1,0,
227,Clc1cc(CC(=O)Nc2cc(=O)[nH]c3ccccc23)cc(OC2CC(=O)N2)c1,0,
456,COc1nccc2[nH]c(cc12)C(=O)NC(CC1CC1)C(=O)NC(CC1CCCNC1=O)C#N,0,
488,Fc1c(Cl)cc(cc1OCc1ccccc1Cl)-c1cc(cn(-c2cccnc2)c1=O)-c1c[nH]c(=O)[nH]c1=O,1,
498,Fc1cccc(CC(NC(=O)c2cc3ccccc3[nH]2)C(=O)NC(CC2CCNC2=O)C=O)c1,1,
357,COc1ccc(C=CN(=O)=O)cc1,0,
520,Fc1cccc2n[nH]c(NC(=O)Cc3cccc(Cl)c3)c12,0,
550,O=C(Cc1cncc2ccccc12)Nc1ccccc1,0,
573,OC1(CC(=O)Nc2ccc(Cl)cc12)C(=O)Nc1cncc2ccccc12,0,
159,Cc1ccn(C(CC2CC2)C(=O)NC(CC2CCNC2=O)C#N)c(=O)c1NC(=O)OC(C)(C)C,0,
120,CC1(C)C2CN(C(C12)C(=O)NC(CC1CCNC1=O)C=O)C(=O)COc1cc(F)cc(F)c1,1,
45,CC(C)(C)CC(NC(=O)c1nc2ccccc2[nH]1)C(=O)NN(CCC(N)=O)C(=O)C(F)Cl,1,
208,CCC(=O)Nc1ccc(cc1)N(Cc1cscn1)C(=O)Cn1nnc2ccccc12,0,
71,CC(C)CC(N(C)C(=O)c1cc2cc(F)ccc2[nH]1)C(=O)NN(CCC(N)=O)C(=O)C(F)Cl,1,
491,Fc1cc(F)cc(CCC(=O)N2CC3CCCC3C2C(=O)NC(CC2CCNC2=O)C=O)c1,1,
479,FC(Oc1ccc(Cl)cc1Cl)C(=O)N1CC2CCCC2C1C(=O)NC(CC1CCNC1=O)C=O,1,
184,Cc1ccncc1NC(=O)N(Cc1ccccc1)c1cccc(Cl)c1,0,
219,CCCCc1nc(c[nH]1)-c1nccn1CCc1ccccn1,0,
190,CC1CNC(=O)C1CC(NC(=O)C1C2C(CN1C(=O)COc1ccc(OC(F)(F)F)cc1)C2(C)C)C(=O)CF,1,
60,CC(C)C(NC(=O)C(F)(F)F)C(=O)N1CC2C(C1C(=O)NC(CC1CCNC1=O)C#N)C2(C)C,1,
562,O=C(Nc1nncn1C1CC1)C1CCS(=O)(=O)c2ccccc12,0,
370,COc1ccc(F)c2[nH]c(cc12)C(=O)NC(CC(C)C)C(=O)NC(CC1CCNC1=O)C#N,1,
128,CC1(C)C2CN(C(C12)C(=O)NC(CC1CCNC1=O)C=O)C(=O)COc1ccc2ccccc2c1,1,
72,CC(C)CC(N(C)C(=O)c1cc2ccccc2[nH]1)C(=O)NN(CCC(N)=O)C(=O)CCl,1,
527,NC(=O)c1ccc2N(Cc3ccc4cc(ccc4c3)-c3ccccc3)C(=O)C(=O)c2c1,0,
254,Clc1ccc2OCCC(C(=O)Nc3cncc4ccccc34)c2c1,0,
332,CNC(=O)CC1(CCOc2ccc(Cl)cc12)C(=O)Nc1cncc2ccccc12,0,
263,Clc1cccc(c1)C1CCN(C1=O)c1cncc2ccccc12,0,
196,CC1CNC(=O)C1CC(NC(=O)C1C2CCCC2CN1C(=O)COc1ccc(OC(F)(F)F)cc1)C(=O)CF,1,
458,COCCNC(=O)C(N(C(=O)C=C)c1ccc(cc1)C(C)(C)C)c1cccnc1,0,
26,CC(C)(C)c1ccc(cc1)N(C(C(=O)NC1CCCCC1)c1cccnc1)C(=O)C=C,0,
191,CC1CNC(=O)C1CC(NC(=O)C1C2C(CN1C(=O)COc1cccc(c1)-c1ccc(Cl)cc1)C2(C)C)C(=O)CF,1,
399,COc1cccc2[nH]c(cc12)C(=O)NC(CC(C)C)C(=O)NC(CC1CC(=O)Nc2ccccc12)C#N,0,
577,Oc1ccc(CCC(=O)N2CC3CCCC3C2C(=O)NC(CC2CCNC2=O)C=O)cc1O,1,
534,NC(=O)CCN(NC(=O)C(CC1CCCCC1)NC(=O)c1cc2ccccc2[nH]1)C(=O)C(F)Cl,1,
431,COc1cccc2[nH]c(cc12)C(=O)NC(CC(C)C)C(=O)NC(CC1CCNC1=O)C(=O)COC(=O)Cc1c(C)ncnc1C,1,
85,CC(C)CC(NC(=O)c1cc2cnccc2[nH]1)C(=O)NN(CCC(N)=O)C(=O)CCl,1,
38,CC(C)(C)c1ccc(cc1)N(C(C(=O)NCCc1cccc(F)c1)c1cccnc1)C(=O)c1cncs1,0,
545,NCC1(CCOc2ccc(Cl)cc12)C(=O)Nc1cncc2ccccc12,0,
214,CCC1CN(C1C(=O)NC(CC1CCNC1=O)C#N)C(=O)c1cc2c(OC)cccc2[nH]1,0,
418,COc1cccc2[nH]c(cc12)C(=O)NC(CC(C)C)C(=O)NC(CC1CCNC1=O)C(=O)COC(=O)c1c(C)nc(nc1C)C1CCOCC1,1,
490,Fc1cc(Cl)ccc1C=CC(=O)NC(Cc1ccccc1)C(=O)NC(CC1CCNC1=O)C=O,1,
394,COc1cccc2[nH]c(cc12)C(=O)N1CC2(CCC2)CC1C(=O)NC(CC1CCCNC1=O)C#N,0,
148,Cc1ccc(CC(=O)NC(C(=O)N2CC3C(C2C(=O)NC(CC2CCNC2=O)C#N)C3(C)C)C(C)(C)C)cc1,1,
164,Cc1ccnc(N)c1NC(=O)C1CCOc2ccc(Cl)cc12,0,
216,CCCC(NC(=O)C1C2CCCC2CN1C(=O)c1cc2ccccc2[nH]1)C(=O)C(=O)NC1CC1,1,
428,COc1cccc2[nH]c(cc12)C(=O)NC(CC(C)C)C(=O)NC(CC1CCNC1=O)C(=O)COC(=O)Cc1c(C)cc(cc1C)C#N,1,
77,CC(C)CC(NC(=O)C=Cc1ccc(Cl)cc1F)C(=O)NN(CCC(N)=O)C(=O)CCl,1,
440,COc1cccc2[nH]c(cc12)C(=O)NC(CC(C)C)C(=O)NC(Cc1cnc[nH]1)C#N,0,
358,COc1ccc(c2[nH]c(cc12)C(=O)NC(CC(C)(C)C)C(=O)NC(CC1CCNC1=O)C#N)C(F)(F)F,1,
290,Clc1cncc(OC(=O)c2cc3ccccc3[nH]2)c1,1,
314,CN1C(=O)CC(O)(C(=O)Nc2cncc3ccccc23)c2cc(Cl)ccc12,0,
524,FCC(=O)C(CC1CCNC1=O)NC(=O)C1C2CCCC2CN1C(=O)COc1ccc(Cl)cc1Cl,1,
529,NC(=O)CCN(NC(=O)C(CC12CC(C1)C2)NC(=O)c1nc2ccccc2[nH]1)C(=O)C(F)Cl,1,
350,COc1cc(cc(CO)c1OCC(=O)N1CCC(C1)Oc1cccc(c1)C(=O)N(C)C)-c1cccc2[nH]ncc12,1,
28,CC(C)(C)c1ccc(cc1)N(C(C(=O)NC1CCCCC1)c1cccnc1)S(=O)(=O)C=C,0,
14,CC(C)(C)C(NC(=O)C(F)(F)F)C(=O)N1CC2C(C1C(=O)NC(CC1CC(O)NC1=O)C#N)C2(C)C,1,
572,OC(Cc1cccc(Cl)c1)Cn1cncn1,0,
374,COc1ccc(OCC(=O)N2CC3C(C2C(=O)NC(CC2CCNC2=O)C=O)C3(C)C)cc1F,1,
100,CC(CCc1ccco1)NC(=O)Nc1cn(C)c(=O)c2ccccc12,0,
205,Cc1noc(COc2cc(Cl)cc(CC(=O)Nc3cnccc3C)c2)n1,0,
360,COc1ccc(CC(=O)Nc2cncc3ccccc23)cc1,0,
310,CN(C)c1cncc(CN(C(=O)c2cc(=O)[nH]c3ccccc23)c2cccc(Cl)c2)c1,0,
530,NC(=O)CCN(NC(=O)C(CC1CC1)NC(=O)c1cc2ccccc2[nH]1)C(=O)C(F)Cl,1,
485,FC1(F)CCC(CC1)NC(=O)C(N(C(=O)CCl)c1cccc2n(ccc12)C1CC1)c1cncnc1,0,
384,COc1cccc(c1)N(C(C(=O)NC1CCCCC1)c1cccnc1)C(=O)CCl,0,
35,CC(C)(C)c1ccc(cc1)N(C(C(=O)NCCc1cccc(F)c1)c1cccnc1)C(=O)c1cc(=O)[nH][nH]1,0,
68,CC(C)C(NS(C)(=O)=O)C(=O)N1CC2(CC2)CC1C(=O)NC(CC1CCNC1=O)C(=O)c1nc2ccccc2s1,1,
411,COc1cccc2[nH]c(cc12)C(=O)NC(CC(C)C)C(=O)NC(CC1CCCNC1=O)C(=O)COC(=O)c1cccnc1,1,
212,CCc1cccc(NC(=O)C(N(C(=O)C=C)c2ccc(cc2)C(C)OC)c2cccnc2)c1,0,
494,Fc1ccc(CCC(=O)N2CC3CCCC3C2C(=O)NC(CC2CCNC2=O)C=O)cc1F,1,
402,COc1cccc2[nH]c(cc12)C(=O)NC(CC(C)C)C(=O)NC(CC1CCCNC1=O)C(=O)CO,1,
557,O=C(Nc1c[nH]c2ncccc12)Nc1cccc(c1)C#N,0,
147,Cc1ccc(C)c(c1)-n1sc2cc(F)ccc2c1=O,1,
22,CC(C)(C)c1cc(no1)N(C(C(=O)NCCc1cccc(F)c1)c1cccnc1)C(=O)c1cocn1,0,
375,COc1ccc(OCC(=O)N2CC3C(C2C(=O)NC(CC2CCNC2=O)C=O)C3(C)C)cc1OC,1,
381,COc1ccc2cc(ccc2c1)-c1cc(nn1C(C)c1ccc(cc1)C(=O)NCCC(O)=O)-c1cc(Cl)cc(Cl)c1,0,
286,Clc1cccc2cc([nH]c12)C(=O)N1CC2(CC1C(=O)NC(CC1CCCNC1=O)C#N)CCCCC2,0,
397,COc1cccc2[nH]c(cc12)C(=O)NC(CC(C)(C)C)C(=O)NC(CC1CCCNC1=O)C#N,0,
382,COc1ccc2cncc(NC(=O)C3CCNc4cc(Cl)c(Cl)cc34)c2c1,0,
466,FC(Cl)C(=O)N(C(C(=O)NC1CCC(F)(F)CC1)c1cncnc1)c1ccc(cc1)-c1cncs1,0,
341,COC1(CCOc2cc(Cl)c(Cl)cc12)C(=O)Nc1cncc2ccccc12,0,
563,O=C(NCc1cccs1)C(N1Cc2ccccc2C1=O)c1ccccc1,0,
193,CC1CNC(=O)C1CC(NC(=O)C1C2CCCC2CN1C(=O)C(C)(C)Oc1ccc(Cl)cc1Cl)C=O,1,
308,CN(C)C(=O)CNC(=O)C(N(C(=O)c1cocn1)c1ccc(cc1)C(C)(C)C)c1cccnc1,0,
92,CC(C)CC(NC(=O)OCC1CCC(F)(F)CC1)C(=O)NC(CC1CCNC1=O)C=O,1,
511,Fc1cccc(CCNC(=O)C(N(C(=O)c2cocn2)c2ccc3ncsc3c2)c2cccnc2)c1,0,
64,CC(C)C(NC(=O)OCc1ccccc1)C(=O)NC(CC1CCCCC1)C(=O)NC(CC1CCNC1=O)C=O,1,
32,CC(C)(C)c1ccc(cc1)N(C(C(=O)NCCc1cccc(F)c1)c1cccnc1)C(=O)C=C,0,
446,COc1cccc2[nH]c(cc12)C(=O)NC(Cc1cccc(Cl)c1)C(=O)NC(CC1CCNC1=O)C#N,0,
231,Clc1cc(Cl)cc(CCC(=O)N2CC3CCCC3C2C(=O)NC(CC2CCNC2=O)C=O)c1,1,
175,Cc1ccncc1NC(=O)Cc1cc(Cl)cc(NS(C)(=O)=O)c1,0,
220,CCCCCCCCCCCCCCCCC(C(O)=O)C(O)(CC(O)=O)C(O)=O,0,
408,COc1cccc2[nH]c(cc12)C(=O)NC(CC(C)C)C(=O)NC(CC1CCCNC1=O)C(=O)COC(=O)c1c(C)nc(C)nc1C,1,
425,COc1cccc2[nH]c(cc12)C(=O)NC(CC(C)C)C(=O)NC(CC1CCNC1=O)C(=O)COC(=O)c1ccncc1,1,
400,COc1cccc2[nH]c(cc12)C(=O)NC(CC(C)C)C(=O)NC(Cc1cc[nH]n1)C#N,0,
551,O=C(Cc1n[nH]c2ccccc12)N(Cc1ccccc1)c1ccc(cc1)N1CCCCC1=O,0,
154,Cc1ccc(NC2=C(C(=O)N(Cc3cccnc3)C2=O)c2ccccc2)c(C)c1,0,
20,CC(C)(C)C(NS(=O)(=O)C(C)(C)C)C(=O)N1CC2C(C1C(=O)NC(CC1CCNC1=O)C(=O)c1nc3ccccc3s1)C2(C)C,1,
565,O=CC(CC1CCNC1=O)NC(=O)C(Cc1ccccc1)NC(=O)OCc1ccccc1,1,
331,CNC(=O)c1cc(Cl)cc(CC(=O)Nc2cnccc2C)c1,0,
90,CC(C)CC(NC(=O)NCc1ccc(cc1)-c1noc(C)n1)C(=O)N(C)N(C)C#N,0,
556,O=C(NC(CC1CCNC1=O)C#N)C(CC1CC1)N1CCc2cc[nH]c2C1=O,0,
409,COc1cccc2[nH]c(cc12)C(=O)NC(CC(C)C)C(=O)NC(CC1CCCNC1=O)C(=O)COC(=O)c1c(cccc1C(F)(F)F)C(F)(F)F,1,
371,COc1ccc(NC(=O)C(N(C(=O)C=C)c2ccc(cc2)C(F)(F)F)c2cccnc2)cc1,0,
470,FC(F)(F)c1cccc(CN2CCN(CC2)C(=O)c2cc(=O)[nH]c3ccccc23)c1,0,
203,Cc1nnc(o1)C1Cc2ccccc2CN1C(=O)CCl,0,
108,CC1(C)C2CN(C(C12)C(=O)NC(CC1C(=O)NCC1(F)F)C=O)C(=O)COc1ccc(Cl)cc1Cl,1,
509,Fc1cccc(CCNC(=O)C(N(C(=O)c2cocn2)c2ccc(nc2)C(F)(F)F)c2cccnc2)c1,0,
94,CC(C)CC(NC(=O)OCc1ccccc1)C(=O)NN(CCC(N)=O)C(=O)CCl,1,
66,CC(C)C(NS(=O)(=O)C(F)(F)F)C(=O)N1CCC(CC1C(=O)NC(CC1CCNC1=O)C#N)C(C)(C)C,1,
317,Cn1c2c(NC(=O)C3CCOc4ccc(Cl)cc34)cncc2[nH]c1=O,0,
300,ClCC(=O)N1CCN(Cc2cnc(Cc3ccccc3)s2)CC1,0,
207,CCC(=O)NC(C(=O)N1CC2C(C1C(=O)NC(CC1CCNC1=O)C(=O)c1nc3ccccc3s1)C2(C)C)C(C)(C)C,1,
258,Clc1ccc2OCCC(CC(=O)N3CCN(CCC#N)CC3)(C(=O)Nc3cncc4ccccc34)c2c1,0,
465,CSCCNC(=O)C(N(C(=O)C=C)c1ccc(cc1)C(C)(C)C)c1cccnc1,0,
449,COc1cccc2[nH]c(OC(=O)NC(CC(C)C)C(=O)NN(CCC(N)=O)C(=O)CCl)cc12,1,
150,Cc1ccc(cc1)N(C(C(=O)NCCc1cccc(F)c1)c1cccnc1)C(=O)c1cocn1,0,
169,Cc1ccncc1N1CCN(C1=O)c1cccc(Cl)c1,0,
319,CN1CCC(C(=O)Nc2cncc3ccccc23)c2cc(Cl)ccc12,0,
516,Fc1cccc(CCNC(=O)C(N(C2CCN(CC2)c2ccccc2)C(=O)c2ccco2)c2cccnc2)c1,0,
70,CC(C)C(NS(C)(=O)=O)C(=O)N1CC2C(C1C(=O)NC(CC1CCNC1=O)C(=O)c1nc3ccccc3s1)C2(C)C,1,
213,CCc1cccc(NC(=O)C(N(C(=O)C=C)c2ccc3ncsc3c2)c2cccnc2)c1,0,
163,CC1CCNC(=O)C1NC(=O)Cc1cccc(Cl)c1,0,
82,CC(C)CC(NC(=O)c1cc2ccccc2[nH]1)C(=O)NN(CCC(N)=O)C(=O)C(F)Cl,1,
436,COc1cccc2[nH]c(cc12)C(=O)NC(CC(C)C)C(=O)NC(CC1CCNC1=O)C(NC(C)c1ccccc1)C#N,0,
235,Clc1cc2nccc(C(=O)Nc3cncc4ccccc34)c2cc1Cl,0,
452,COc1ccccc1OCC(C)NC(=O)c1cc(=O)[nH]c2cc(F)ccc12,0,
121,CC1(C)C2CN(C(C12)C(=O)NC(CC1CCNC1=O)C=O)C(=O)COc1ccc(Br)cc1Cl,1,
278,Clc1cccc(CC(=O)NC2COCc3ccccc23)c1,0,
391,COc1cccc2[nH]c(cc12)C(=O)N1CC2(CC(F)(F)C2)CC1C(=O)NC(CC1CCCNC1=O)C#N,0,
497,Fc1ccc2c(NC(=O)C3CCS(=O)(=O)c4ccc(Cl)cc34)cncc2c1,0,
439,COc1cccc2[nH]c(cc12)C(=O)NC(CC(C)C)C(=O)NC(CC1CCNC1=O)C(O)c1nc2ccccc2s1,1,
69,CC(C)C(NS(C)(=O)=O)C(=O)N1CC2C(C1C(=O)NC(CC1CCNC1=O)C(=O)c1nc3c(cccc3s1)C(F)(F)F)C2(C)C,1,
532,NC(=O)CCN(NC(=O)C(CC1CCCC1)NC(=O)OCc1ccccc1)C(=O)CCl,1,
390,COc1cccc2[nH]c(cc12)C(=O)N1CC(CC1C(=O)NC(CC1CCNC1=O)C(O)S([O-])(=O)=O)c1ccccc1,0,
444,COc1cccc2[nH]c(cc12)C(=O)NC(CC1CC1)C(=O)NC1(CC2CCC1C1C2C(=O)NC1=O)C#N,0,
133,Cc1[nH]c(C=C2C(=O)Nc3cc(ccc23)-c2ccccc2)c(C)c1CCC(O)=O,0,
17,CC(C)(C)C(NC(=O)Cc1ccc(Cl)cc1Cl)C(=O)N1CC2CCCC2C1C(=O)NC(CC1CCNC1=O)C=O,1,
194,CC1CNC(=O)C1CC(NC(=O)C1C2CCCC2CN1C(=O)COc1ccc(Cl)cc1Cl)C(=O)CF,1,
16,CC(C)(C)C(NC(=O)C(F)(F)F)C(=O)N1CC2C(C1C(=O)NC(CC1CCNC1=O)C(=O)c1nc3ccccc3s1)C2(C)C,1,
388,COc1cccc(OCC(=O)N2CC3C(C2C(=O)NC(CC2CCNC2=O)C=O)C3(C)C)c1,1,
514,Fc1cccc(CCNC(=O)C(N(C(=O)c2cocn2)c2cn(Cc3ccccc3)cn2)c2cccnc2)c1,0,
50,CC(C)(C)OC(=O)NN(CC(=O)N(Cc1ccccc1)Cc1ccccc1)C#N,1,
492,Fc1cc(NC(=O)Cc2cncnc2)cc(OC2CC(=O)N2)c1,0,
192,CC1CNC(=O)C1CC(NC(=O)C1C2C(CN1C(=O)COc1cccc(c1)-c1ccc(Cl)cc1)C2(C)C)C=O,1,
168,Cc1ccncc1N1CCC(c2cccc(Cl)c2)S1(=O)=O,0,
291,Clc1cncc(OC(=O)c2cc3ccccc3o2)c1,1,
383,COc1ccc2nnn(CC(=O)N(Cc3ccccn3)c3ccc(cc3)C3CCNCC3)c2c1,0,
484,FC1(F)CCC(CC1)NC(=O)C(N(C(=O)CC#N)c1ccc(cc1)-c1cncs1)c1cncnc1,0,
86,CC(C)CC(NC(=O)c1nc2cc(Cl)ccc2[nH]1)C(=O)NN(CCC(N)=O)C(=O)C(F)Cl,1,
255,Clc1ccc2OCCC(C(=O)Nc3n[nH]c4ccnc(Br)c34)c2c1,0,
421,COc1cccc2[nH]c(cc12)C(=O)NC(CC(C)C)C(=O)NC(CC1CCNC1=O)C(=O)COC(=O)C1CCCN1C,1,
356,COc1ccc(C)c2[nH]c(cc12)C(=O)NC(CC(C)C)C(=O)NC(CC1CCNC1=O)C#N,1,
189,CC1CNC(=O)C1CC(NC(=O)C1C2C(CN1C(=O)COc1ccc(Cl)cc1Cl)C2(C)C)C(=O)CF,1,
44,CC(C)(C)c1cnc(o1)N(C(C(=O)NCCc1cccc(F)c1)c1cccnc1)C(=O)c1cocn1,0,
171,Cc1ccncc1NC(=O)C(CO)c1cccc(Cl)c1,0,
264,Clc1cccc(c1)N1C(=O)NC(C1=O)c1cccnc1,0,
284,Clc1cccc(NC(=O)Cn2cnc3ccccc23)c1,0,
472,FC(F)(F)COc1cc(Cl)cc(c1)C1C=C(C(=O)N(C1=O)c1cccnc1)c1c[nH]c(=O)[nH]c1=O,1,
338,COC(=O)CCC(NC(=O)C(CC(=O)OC)NC(=O)OCc1ccccc1)C(=O)NC(C(C)C)C(=O)NC(CC(=O)OC)C(=O)CF,1,
536,NC(=O)CCN(NC(=O)C(CC1CCCCC1)NC(=O)OCc1ccccc1)C(=O)C(F)Cl,1,
54,CC(C)(CO)C(NC(=O)C(F)(F)F)C(=O)N1CC2C(C1C(=O)NC(CC1CC(=O)NC1=O)C#N)C2(C)C,1,
118,CC1(C)C2CN(C(C12)C(=O)NC(CC1CCNC1=O)C=O)C(=O)c1ccc2ccccc2c1,1,
289,Clc1cncc(OC(=O)c2cc3c(Cl)cc(Cl)cc3[nH]2)c1,1,
294,Clc1sccc1COc1cc(Cl)cc(c1)-c1cc(cn(-c2cccnc2)c1=O)-c1c[nH]c(=O)[nH]c1=O,1,
265,Clc1cccc(c1)N1CCN(CC1)C(=O)c1cc(=O)cc[nH]1,0,
46,CC(C)(C)NC(=O)C(N(C(=O)C=C)c1ccc(cc1)C(C)(C)C)c1cncc(Cl)c1,0,
93,CC(C)CC(NC(=O)OCc1ccccc1)C(=O)NN(CC1CCNC1=O)C(=O)CCl,1,
502,Fc1cccc(CCNC(=O)C(N(C(=O)c2c[nH]cn2)c2ccc(Cn3cccn3)cc2)c2cccnc2)c1,0,
34,CC(C)(C)c1ccc(cc1)N(C(C(=O)NCCc1cccc(F)c1)c1cccnc1)C(=O)c1c[nH]c(=O)s1,0,
11,CC(C(=O)Nc1cnccc1C)c1cccc(c1)C#N,0,
406,COc1cccc2[nH]c(cc12)C(=O)NC(CC(C)C)C(=O)NC(CC1CCCNC1=O)C(=O)COC(=O)c1c(C)cc(C)nc1C,1,
15,CC(C)(C)C(NC(=O)C(F)(F)F)C(=O)N1CC2C(C1C(=O)NC(CC1CCNC1=O)C#N)C2(C)C,1,
457,COCc1ccc(cc1)N(C(C(=O)NCCc1cccc(F)c1)c1cccnc1)C(=O)c1c[nH]cn1,0,
30,CC(C)(C)c1ccc(cc1)N(C(C(=O)NCc1cccnc1)c1cccnc1)C(=O)c1cocn1,0,
380,COc1ccc2c(OC3CC4N(C3)C(=O)C(CCCCCC=CC3CC3(NC4=O)C(O)=O)NC(=O)OC3CCCC3)cc(nc2c1)-c1csc(NC(C)C)n1,0,
187,CC1CNC(=O)C1CC(NC(=O)C1C2C(CN1C(=O)COc1ccc(Cl)c(Cl)c1)C2(C)C)C(=O)CF,1,
67,CC(C)C(NS(=O)(=O)C1CC1)C(=O)N1CC2C(C1C(=O)NC(CC1CCNC1=O)C(=O)c1nc3ccccc3s1)C2(C)C,1,
327,Cn1ncc2c1ncn(CC(=O)NC(C(=O)Nc1cncc3ccccc13)c1cccc(Cl)c1)c2=O,0,
416,COc1cccc2[nH]c(cc12)C(=O)NC(CC(C)C)C(=O)NC(CC1CCNC1=O)C(=O)COC(=O)c1c(C)cncc1C,1,
542,Nc1nn(C(=O)C2CCOc3ccc(Cl)cc23)c2cc(F)ccc12,0,
564,O=CC(CC1CCNC1=O)NC(=O)C(CC1CCCCC1)NC(=O)c1cc2ccccc2[nH]1,1,
422,COc1cccc2[nH]c(cc12)C(=O)NC(CC(C)C)C(=O)NC(CC1CCNC1=O)C(=O)COC(=O)c1cccnc1,1,
323,CN1CCCCC11CCN(C(CC2CC2)C(=O)NC(CC2CCNC2=O)C#N)C1=O,0,
309,CN(C)C(=O)COc1ccc(cc1C=O)-c1cccc2[nH]ncc12,1,
453,COc1ccccc1OCCC(=O)Nc1cncc2ccccc12,0,
477,FC(F)CN1C(=O)CCc2cc(ccc12)N(C(C(=O)NCCc1cccc(F)c1)c1cccnc1)C(=O)c1cocn1,0,
315,CN1C(=O)CCc2cc(ccc12)N(C(C(=O)NCCc1cccc(F)c1)c1cccnc1)C(=O)c1cocn1,0,
209,CCC(C(NC(=O)C(F)(F)F)C(=O)N1CC2C(C1C(=O)NC(CC1CCNC1=O)C#N)C2(C)C)C(F)(F)F,1,
403,COc1cccc2[nH]c(cc12)C(=O)NC(CC(C)C)C(=O)NC(CC1CCCNC1=O)C(=O)COC(=O)C(C)(C)C#N,1,
76,CC(C)CC(NC(=O)C(NC(=O)OCc1ccccc1)C(C)OC(C)(C)C)C(=O)NC(CC1CCNC1=O)C=O,1,
61,CC(C)C(NC(=O)C(F)(F)F)C(=O)N1CC2C(C1C(=O)NC(CC1CCNC1=O)C(=O)c1nc3ccccc3s1)C2(C)C,1,
432,COc1cccc2[nH]c(cc12)C(=O)NC(CC(C)C)C(=O)NC(CC1CCNC1=O)C(=O)COC(=O)Cc1ccccc1Cl,1,
2,Brc1ccc2NC(=O)C(=O)c2c1,0,
167,Cc1ccncc1CC(=O)Nc1cccc(Cl)c1,0,
476,FC(F)CN1C(=O)CCc2cc(ccc12)N(C(C(=O)NCCc1cccc(F)c1)c1cccnc1)C(=O)c1c[nH]cn1,0,
512,Fc1cccc(CCNC(=O)C(N(C(=O)c2cocn2)c2ccc3scnc3c2)c2cccnc2)c1,0,
181,Cc1ccncc1NC(=O)Cc1cncc(Cl)c1,0,
201,Cc1nc(sc1CSc1ccc(OCC(O)=O)c(C)c1)-c1ccc(c(F)c1)C(F)(F)F,0,
140,Cc1cc(nc2n[nH]c(NC(=O)C3CCOc4ccc(Cl)cc34)c12)C(F)(F)F,0,
139,Cc1cc(nc2n(nc(N)c12)C(=O)C1CCOc2ccc(Cl)cc12)C(F)(F)F,0,
170,Cc1ccncc1NC(=O)C(C)(C)c1cccc(Cl)c1,0,
240,Clc1ccc(CCC(=O)N2CC3CCCC3C2C(=O)NC(CC2CCNC2=O)C=O)cc1Cl,1,
142,Cc1cc(no1)C(=O)NC(CC1CCCCC1)C(=O)NN(CCC(N)=O)C(=O)C(F)Cl,1,
247,Clc1ccc(OCC(=O)N2CC3CCCC3C2C(=O)NC(CC2CCNC2=O)C=O)cc1Cl,1,
424,COc1cccc2[nH]c(cc12)C(=O)NC(CC(C)C)C(=O)NC(CC1CCNC1=O)C(=O)COC(=O)C1CCN(C)CC1,1,
65,CC(C)C(NS(=O)(=O)C(C)(C)C)C(=O)N1CC2C(C1C(=O)NC(CC1CCNC1=O)C(=O)c1nc3ccccc3s1)C2(C)C,1,
571,OC(=O)CNc1ccc2CCC(C(=O)NC(CC3CCNC3=O)C#N)n2c1=O,0,
115,CC1(C)C2CN(C(C12)C(=O)NC(CC1CCNC1=O)C#N)C(=O)C(Cn1cccn1)NC(=O)C(F)(F)F,1,
122,CC1(C)C2CN(C(C12)C(=O)NC(CC1CCNC1=O)C=O)C(=O)COc1ccc(Cl)c(Br)c1,1,
567,O=CC(CC1CCNC1=O)NC(=O)C1C2CCCC2CN1C(=O)COc1cccc(c1)-c1ccccc1,1,
413,COc1cccc2[nH]c(cc12)C(=O)NC(CC(C)C)C(=O)NC(CC1CCNC1=O)C(=O)COC(=O)C1(C)CCN(C)CC1,1,
426,COc1cccc2[nH]c(cc12)C(=O)NC(CC(C)C)C(=O)NC(CC1CCNC1=O)C(=O)COC(=O)c1ccnn1C,1,
109,CC1(C)C2CN(C(C12)C(=O)NC(Cc1ccccc1)C=O)C(=O)c1ccc2ccccc2c1,1,
539,NC1(CCOc2ccc(Cl)cc12)C(=O)Nc1cncc2ccccc12,0,
268,Clc1cccc(CC(=O)Nc2cccc3[nH]ncc23)c1,0,
103,CC(OC(C)(C)C)C(NC(=O)OCc1ccccc1)C(=O)NC(Cc1ccccc1)C(=O)NC(CC1CCNC1=O)C=O,1,
29,CC(C)(C)c1ccc(cc1)N(C(C(=O)NCc1cccnc1)c1cccnc1)C(=O)C=C,0,
415,COc1cccc2[nH]c(cc12)C(=O)NC(CC(C)C)C(=O)NC(CC1CCNC1=O)C(=O)COC(=O)c1c(C)ccnc1CN(C)C,1,
47,CC(C)(C)OC(=O)N1CCCC11CCN(C(CC2CC2)C(=O)NC(CC2CCNC2=O)C#N)C1=O,0,
188,CC1CNC(=O)C1CC(NC(=O)C1C2C(CN1C(=O)COc1ccc(Cl)c(Cl)c1)C2(C)C)C=O,1,
178,Cc1ccncc1NC(=O)Cc1cccc(c1)C#N,0,
39,CC(C)(C)c1ccc(cc1)N(C(C(=O)NCCc1cccc(F)c1)c1cccnc1)C(=O)c1coc(CS(C)(=O)=O)n1,0,
543,Nc1nn(C(=O)C2CCOc3ccc(Cl)cc23)c2ccncc12,0,
345,COc1c(F)cc(F)c2[nH]c(cc12)C(=O)NC(CC(C)(C)C)C(=O)NC(CC1CCNC1=O)C#N,1,
298,ClCC(=O)N1CCN(CC1)C1(CC1)c1cccc(Cl)c1,0,
24,CC(C)(C)c1ccc(cc1)N(C(C(=O)Nc1ccc2OCOc2c1)c1cccnc1)C(=O)C=C,0,
266,Clc1cccc(c1)N1CCN(CC1)C(=O)C1CC(=O)Nc2ccccc12,0,
450,COc1ccccc1CC(=O)Nc1cncc2ccccc12,0,
320,CN1CCC(CCN(C(C(=O)NC2CCCCC2)c2cccnc2)C(=O)CCl)CC1,0,
279,Clc1cccc(CC(=O)Nc2nncc3ccccc23)c1,0,
553,O=C(CNc1ccc2CCC(C(=O)NC(CC3CCNC3=O)C#N)n2c1=O)Oc1ccccc1,0,
329,Cn1nncc1CC(=O)NC(c1nc2ccccc2n1C)c1ccccc1,0,
454,COc1ccncc1NC(=O)Cc1cccc(Cl)c1,0,
385,COc1cccc(CC(=O)Nc2cncc3ccccc23)c1,0,
272,Clc1cccc(CC(=O)Nc2cncc3ccccc23)n1,0,
541,Nc1cncc2N(CCCc12)C(=O)Cc1cccc(Cl)c1,0,
354,COc1cc2cc(nc2c[nH]1)C(=O)NC(CC(C)C)C(=O)NN(CCC(N)=O)C(=O)CCl,1,
158,Cc1ccccc1CC(=O)Nc1cncc2ccccc12,0,
276,Clc1cccc(CC(=O)Nc2cncc3nccnc23)c1,0,
389,COc1cccc2[nH]c(cc12)C(=O)N1CC(C)(C)CC1C(=O)NC(CC1CCNC1=O)C#N,0,
469,FC(F)(F)c1ccc(CC(=O)Nc2cncc3ccccc23)cc1,0,
395,COc1cccc2[nH]c(cc12)C(=O)N1CC2(CCC2)CC1C(=O)NC(CC1CCNC1=O)C#N,0,
135,Cc1c(O)cccc1C(=O)NC(CSc1ccccc1)C(O)CN1CC2CCCCC2CC1C(=O)NC(C)(C)C,0,
325,Cn1cnc(Cn2c(=O)[nH]c(=Nc3cc4cn(C)nc4cc3Cl)n(Cc3cc(F)c(F)cc3F)c2=O)n1,1,
445,COc1cccc2[nH]c(cc12)C(=O)NC(CC1CC1)C(=O)NC1(CCc2cccnc2C1)C#N,0,
480,FC1(F)CC2(C1)CC(N(C2)C(=O)c1cc2cccc(Cl)c2[nH]1)C(=O)NC(CC1CCCNC1=O)C#N,0,
74,CC(C)CC(NC(=O)C(NC(=O)CCCC#C)C(C)(C)C)C(=O)NN(CCC(N)=O)C(=O)CCl,1,
3,Brc1cccc2C(=O)C(=O)N(Cc3cccc(c3)C#N)c12,1,
531,NC(=O)CCN(NC(=O)C(CC1CC1)NC(=O)OCc1ccccc1)C(=O)CCl,1,
386,COc1cccc(CCC(=O)N2CC3CCCC3C2C(=O)NC(CC2CCNC2=O)C=O)c1,1,
433,COc1cccc2[nH]c(cc12)C(=O)NC(CC(C)C)C(=O)NC(CC1CCNC1=O)C(=O)COC(=O)Cc1ccccc1CN(C)C,1,
200,CC1COc2ccc(Cl)cc2C1C(=O)Nc1cncc2ccccc12,0,
559,O=C(Nc1ccccc1C#N)C(N1Cc2ccccc2C1=O)c1ccccc1,0,
368,COc1ccc(CNC(=O)N2CC3CCCC3C2C(=O)NC(CC2CCNC2=O)C=O)cc1,1,
489,Fc1c(Cl)cccc1CC(=O)Nc1cncc2ccccc12,0,
274,Clc1cccc(CC(=O)Nc2cncc3cnoc23)c1,0,
379,COc1ccc2c(NC(=O)Cc3cccc(Cl)c3)[nH]nc2c1,0,
199,Cc1cnnn1-c1ccc(cc1)N(C(C(=O)NCCc1cccc(F)c1)c1cccnc1)C(=O)c1cocn1,0,
361,COc1ccc(cc1)-c1nc(SCCc2ccccc2)[nH]c(=O)c1C#N,0,
311,CN(C)S(=O)(=O)N1CC(C(=O)Nc2cnccc2C(F)(F)F)c2cc(Cl)ccc2C1,0,
236,Clc1ccc(C=CC(=O)N2CC3CCCC3C2C(=O)NC(CC2CCNC2=O)C=O)c(Cl)c1,1,
234,Clc1cc(OCc2cccnc2)c2OCCC(C(=O)Nc3cncc4ccccc34)c2c1,0,
280,Clc1cccc(CC(=O)Nc2nnn[nH]2)c1,0,
566,O=CC(CC1CCNC1=O)NC(=O)C1C2CCCC2CN1C(=O)COc1ccc2OCCOc2c1,1,
58,CC(C)(OCc1ccc(F)cc1F)C(=O)N1CC2CCCC2C1C(=O)NC(CC1CCNC1=O)C=O,1,
87,CC(C)CC(NC(=O)c1nc2ccccc2[nH]1)C(=O)NN(CCC(N)=O)C(=O)C(F)Cl,1,
21,CC(C)(C)C(NS(C)(=O)=O)C(=O)N1CC2C(C1C(=O)NC(CC1CCNC1=O)C(=O)c1nc3ccccc3s1)C2(C)C,1,
202,Cc1ncoc1-c1ccc(cc1)N(C(C(=O)NC1CCCCC1)c1cncnc1)C(=O)CCl,0,
305,CN(C(=O)Cn1nnc2ccccc12)c1ccc(Oc2ccc(cn2)C(F)(F)F)cc1,0,
257,Clc1ccc2OCCC(CC(=O)N3CCN(CC3)C3CCOC3)(C(=O)Nc3cncc4ccccc34)c2c1,0,
157,Cc1cccc(NC(=O)CN2C(=O)C(=O)c3ccccc23)c1,0,
292,Clc1cncc(OC(=O)c2cc3ccccc3s2)c1,1,
414,COc1cccc2[nH]c(cc12)C(=O)NC(CC(C)C)C(=O)NC(CC1CCNC1=O)C(=O)COC(=O)c1c(C)ccnc1C,1,
141,Cc1cc(nc2n[nH]c(NC(=O)Cc3cccc(Cl)c3)c12)C(F)(F)F,0,
101,CC(Cl)C(=O)N(C(C(=O)NC1CCCCC1)c1cccnc1)c1ccc(cc1)C(C)(C)C,0,
501,Fc1cccc(CCNC(=O)C(N(C(=O)c2c[nH]cn2)c2ccc(cc2)C2COC2)c2cccnc2)c1,0,
540,Nc1cncc(NC(=O)Nc2cccc(c2)C#N)c1,0,
336,COC(=O)c1cc(Br)cc2C(=O)C(=O)Nc12,0,
117,CC1(C)C2CN(C(C12)C(=O)NC(CC1CCNC1=O)C(=O)c1nc2ccccc2s1)C(=O)c1cc2ccccc2[nH]1,1,
186,Cc1ccncc1NC(=O)Nc1cccc(Cl)c1,0,
179,Cc1ccncc1NC(=O)Cc1cccc(c1)-c1cn[nH]c1,0,
538,NC(=O)CCN(NC(=O)C(CC1CCCCC1)NS(=O)(=O)Cc1ccccc1)C(=O)C(F)Cl,1,
322,CN1CCCC11CCN(C(CC2CC2)C(=O)NC(CC2CCNC2=O)C#N)C1=O,0,
143,Cc1cc(no1)C(=O)NC(CC1CCCCC1)C(=O)NN(CCC(N)=O)C(=O)CCl,1,
174,Cc1ccncc1NC(=O)Cc1cc(Cl)cc(NCC(C)(C)C#N)c1,0,
73,CC(C)CC(NC(=O)C(NC(=O)C=Cc1ccc(Cl)cc1F)C(C)C)C(=O)NC(CC1CCNC1=O)C=O,1,
136,CC1CC(C(=O)Nc2cncc3ccccc23)c2cc(Cl)ccc2O1,0,
351,COc1cc(Cl)cc(CC(=O)Nc2cnccc2C)c1,0,
223,CCCCN1C(=O)C(=O)c2cc(I)ccc12,0,
459,CS(=O)(=O)c1ccc(cc1)N(C(C(=O)NCCc1cccc(F)c1)c1cccnc1)C(=O)c1cocn1,0,
552,O=C(Cn1nnc2ccccc12)N(CC1CCOC1)c1ccc(cc1)-c1cccnc1,0,
508,Fc1cccc(CCNC(=O)C(N(C(=O)c2cocn2)c2ccc(cc2)N2CCCS2(=O)=O)c2cccnc2)c1,0,
303,ClCC(=O)Nc1cccc(c1)N1CCCC1=O,0,
495,Fc1ccc(CNC(=S)N2CC3CCCC3C2C(=O)NC(CC2CCNC2=O)C=O)cc1,1,
396,COc1cccc2[nH]c(cc12)C(=O)N1CC2C(C1C(=O)NC(CC1CCNC1=O)C(=O)c1nc3ccccc3s1)C2(C)C,1,
177,Cc1ccncc1NC(=O)Cc1cc(Cl)cc(OCc2ncn[nH]2)c1,0,
131,CC1(CC(NC(=O)c2cc(on2)C(F)(F)F)C(=O)NN(CC2CCNC2=O)C(=O)C(F)Cl)CC1,1,
63,CC(C)C(NC(=O)OCc1ccccc1)C(=O)NC(Cc1ccccc1)C(=O)NC(CC1CCNC1=O)C=O,1,
129,CC1(C)C2CN(C(C12)C(=O)NC(CC1CCNC1=O)C=O)C(=O)COc1ccc2OCOc2c1,1,
482,FC1(F)CCC(CC1)NC(=O)C(N(C(=O)C1CO1)c1ccc(cc1)-c1ccno1)c1ccnnc1,0,
273,Clc1cccc(CC(=O)Nc2cncc3CCCNc23)c1,0,
548,O=C(Cc1cccnc1)Nc1cccc(OC2CC(=O)N2)c1,0,
246,Clc1ccc(OCC(=O)N2CC3CCCC3C2C(=O)NC(CC2CCNC2=O)C=O)cc1,1,
461,CS(=O)(=O)Cc1ccc(cc1)N(C(C(=O)NCCc1cccc(F)c1)c1cccnc1)C(=O)c1c[nH]cn1,0,
398,COc1cccc2[nH]c(cc12)C(=O)NC(CC(C)C)C(=O)NC(Cc1cc(=O)[nH]c2ccccc12)C#N,0,
185,Cc1ccncc1NC(=O)Nc1cccc(c1)C#N,0,
1,[O-][n+]1cc(NC(=O)C2CCOc3ccc(Cl)cc23)c2ccccc2c1,0,
83,CC(C)CC(NC(=O)c1cc2cccnc2[nH]1)C(=O)NN(CCC(N)=O)C(=O)CCl,1,
481,FC1(F)CCC(CC1)NC(=O)C(N(C(=O)C=C)c1ccc(cc1)-c1cncs1)c1cncnc1,0,
393,COc1cccc2[nH]c(cc12)C(=O)N1CC2(CC1C(=O)NC(CC1CCNC1=O)C#N)CCCCC2,0,
506,Fc1cccc(CCNC(=O)C(N(C(=O)c2cocn2)c2ccc(cc2)-n2cc[nH]c2=O)c2cccnc2)c1,0,
475,FC(F)c1cc(no1)C(=O)NC(CC12CC(C1)C2)C(=O)NN(CC1CCNC1=O)C(=O)C(F)Cl,1,
568,O=N(=O)C=Cc1ccc(cc1)C#N,0,
306,CN(C(CC1CCCCC1)C(=O)NN(CCC(N)=O)C(=O)CCl)C(=O)c1cc2ccccc2[nH]1,1,
377,COc1ccc2c(N)nn(C(=O)C3CCOc4ccc(Cl)cc34)c2c1,0,
91,CC(C)CC(NC(=O)Oc1cc2ccccc2[nH]1)C(=O)NN(CCC(N)=O)C(=O)CCl,1,
230,Clc1cc(CC(=O)Nn2cnc3ccccc23)cc(OC2CC(=O)N2)c1,0,
9,CC(=O)NCc1cc(Cl)cc(CC(=O)Nc2cnccc2C)c1,0,
455,COc1nc2ncc(cn2n1)C(N(C(=O)c1cocn1)c1ccc(cc1)C(C)(C)C)C(=O)NCCc1cccc(F)c1,0,
447,COc1cccc2[nH]c(cc12)C(=O)NC(CC1CCCCC1)C(=O)NN(CCC(N)=O)C(=O)C(F)Cl,1,
195,CC1CNC(=O)C1CC(NC(=O)C1C2CCCC2CN1C(=O)COc1ccc(Cl)cc1Cl)C=O,1,
293,Clc1cnccc1CC(=O)Nc1cncc2ccccc12,0,
282,Clc1cccc(CCC(=O)N2CC3CCCC3C2C(=O)NC(CC2CCNC2=O)C=O)c1,1,
138,Cc1cc(NC(=O)Cc2cncnc2)cc(OC2CC(=O)N2)c1,0,
218,CCCCc1nc(c[nH]1)-c1nccn1CC(F)(F)F,0,
238,Clc1ccc(CCC(=O)N2CC3CCCC3C2C(=O)NC(CC2CCNC2=O)C=O)c(Cl)c1,1,
225,CCOC(=O)Cn1cc(nn1)C(=O)N(C(C(=O)NCCc1cccc(F)c1)c1cccnc1)c1ccc(cc1)C(C)(C)C,0,
232,Clc1cc(OCc2ccccc2)c2OCCC(C(=O)Nc3cncc4ccccc34)c2c1,0,
10,CC(C(=O)Nc1cnccc1C)c1cc(Cl)cc(OC2CC(=O)N2)c1,0,
106,CC(OCc1ccccc1)C(=O)N1CC2CCCC2C1C(=O)NC(CC1CCNC1=O)C=O,1,
151,Cc1ccc(cc1)S(=O)(=O)CNC(=O)C(N(C(=O)c1cocn1)c1ccc(cc1)C(C)(C)C)c1cccnc1,0,
544,Nc1nn(C(=O)Cc2cccc(Cl)c2)c2cccc(F)c12,0,
48,CC(C)(C)OC(=O)N1CCCCC11CCN(C(CC2CC2)C(=O)NC(CC2CCNC2=O)C#N)C1=O,0,
483,FC1(F)CCC(CC1)NC(=O)C(N(C(=O)C1CO1)c1ccc(cc1)-c1cnco1)c1cncnc1,0,
404,COc1cccc2[nH]c(cc12)C(=O)NC(CC(C)C)C(=O)NC(CC1CCCNC1=O)C(=O)COC(=O)C(C)(C)C(F)(F)F,1,
210,CCC(C)(C)CCN(Cc1ccsc1)C(=O)Cn1nnc2ccccc12,0,
460,CS(=O)(=O)c1ccc(cc1)N1CCNCC1,0,
355,COc1ccc(C)c2[nH]c(cc12)C(=O)NC(CC(C)(C)C)C(=O)NC(CC1CCNC1=O)C#N,1,
119,CC1(C)C2CN(C(C12)C(=O)NC(CC1CCNC1=O)C=O)C(=O)CCc1cccc(F)c1,1,
362,COc1ccc(cc1)N(C(C(=O)NCCc1cccc(F)c1)c1cccnc1)C(=O)c1ccco1,0,
215,CCCC(NC(=O)C1C2C(CN1C(=O)C(C(C)C)c1ccccc1)C2(C)C)C(=O)C(=O)NC1CC1,0,
434,COc1cccc2[nH]c(cc12)C(=O)NC(CC(C)C)C(=O)NC(CC1CCNC1=O)C(=O)COC(=O)CN(C)C,1,
59,CC(C)C(=O)NC(C(=O)N1CC2C(C1C(=O)NC(CC1CCNC1=O)C(=O)c1nc3ccccc3s1)C2(C)C)C(C)(C)C,1,
152,Cc1ccc(cc1)S(=O)(=O)N1CCN(CC1)C(=O)CCl,0,
576,Oc1ccc(CCC(=O)N2CC3CCCC3C2C(=O)NC(CC2CCNC2=O)C=O)cc1,1,
448,COc1cccc2[nH]c(cc12)C(=O)NC(CNC(CC1CCNC1=O)C#N)CC(C)(C)C,0,
40,CC(C)(C)c1ccc(cc1)N(C(C(=O)NCCc1cccc(F)c1)c1cnc2ccccn12)C(=O)c1ccco1,0,
51,CC(C)(C)Oc1ccncc1NC(=O)Cc1cccc(Cl)c1,0,
79,CC(C)CC(NC(=O)c1cc2c(Cl)cccc2[nH]1)C(=O)NN(CCC(N)=O)C(=O)C(F)Cl,1,
313,CN(CCO)C1CCN(CC1)C(=O)CC1(CCOc2ccc(Cl)cc12)C(=O)Nc1cncc2ccccc12,0,
