Smiles,labels
[O-][N+](=O)c1ccc2N(Cc3ccccc3)C(=O)C(=O)c2c1,0
[O-][n+]1cc(NC(=O)C2CCOc3ccc(G)cc23)c2ccccc2c1,0
Rc1ccc2NC(=O)C(=O)c2c1,0
Rc1cccc2C(=O)C(=O)N(Cc3cccc(c3)C#N)c12,1
Rc1cccc2C(=O)C(=O)Nc12,0
CC#CC(CC(O)=O)c1ccc(OCc2cccc(c2)-c2ccc(cc2)C(F)(F)F)cc1,0
CC(=O)c1ccc(cc1)N(C(C(=O)NCCc1cccc(F)c1)c1cccnc1)C(=O)c1ccco1,0
CC(=O)N1CCN(CC(=O)Nc2cncc3ccccc23)CC1,0
CC(=O)NC(C(=O)N1CC2C(C1C(=O)NC(CC1CCNC1=O)C(=O)c1nc3ccccc3s1)C2(C)C)C(C)(C)C,1
CC(=O)NCc1cc(G)cc(CC(=O)Nc2cnccc2C)c1,0
CC(C(=O)Nc1cnccc1C)c1cc(G)cc(OC2CC(=O)N2)c1,0
CC(C(=O)Nc1cnccc1C)c1cccc(c1)C#N,0
CC(C)(C)C(NC(=O)C(C)(C)C)C(=O)N1CC2C(C1C(=O)NC(CC1CCNC1=O)C(=O)c1nc3ccccc3s1)C2(C)C,1
CC(C)(C)C(NC(=O)C(F)(F)F)C(=O)N1CC(CC1C(=O)NC(CC1CCNC1=O)C#N)C(F)(F)F,1
CC(C)(C)C(NC(=O)C(F)(F)F)C(=O)N1CC2C(C1C(=O)NC(CC1CC(O)NC1=O)C#N)C2(C)C,1
CC(C)(C)C(NC(=O)C(F)(F)F)C(=O)N1CC2C(C1C(=O)NC(CC1CCNC1=O)C#N)C2(C)C,1
CC(C)(C)C(NC(=O)C(F)(F)F)C(=O)N1CC2C(C1C(=O)NC(CC1CCNC1=O)C(=O)c1nc3ccccc3s1)C2(C)C,1
CC(C)(C)C(NC(=O)Cc1ccc(G)cc1G)C(=O)N1CC2CCCC2C1C(=O)NC(CC1CCNC1=O)C=O,1
CC(C)(C)C(NC(=O)COc1ccc(F)cc1)C(=O)N1CC2C(C1C(=O)NC(CC1CCNC1=O)C#N)C2(C)C,1
CC(C)(C)C(NCc1ccc(G)cc1G)C(=O)N1CC2CCCC2C1C(=O)NC(CC1CCNC1=O)C=O,1
CC(C)(C)C(NS(=O)(=O)C(C)(C)C)C(=O)N1CC2C(C1C(=O)NC(CC1CCNC1=O)C(=O)c1nc3ccccc3s1)C2(C)C,1
CC(C)(C)C(NS(C)(=O)=O)C(=O)N1CC2C(C1C(=O)NC(CC1CCNC1=O)C(=O)c1nc3ccccc3s1)C2(C)C,1
CC(C)(C)c1cc(no1)N(C(C(=O)NCCc1cccc(F)c1)c1cccnc1)C(=O)c1cocn1,0
CC(C)(C)c1ccc(cc1)N(C(C(=O)N1CCOCC1)c1cccnc1)C(=O)c1ccco1,0
CC(C)(C)c1ccc(cc1)N(C(C(=O)Nc1ccc2OCOc2c1)c1cccnc1)C(=O)C=C,0
CC(C)(C)c1ccc(cc1)N(C(C(=O)NC1CCCCC1)c1ccc(nc1)C#N)C(=O)CG,0
CC(C)(C)c1ccc(cc1)N(C(C(=O)NC1CCCCC1)c1cccnc1)C(=O)C=C,0
CC(C)(C)c1ccc(cc1)N(C(C(=O)NC1CCCCC1)c1cccnc1)C(=O)C=O,0
CC(C)(C)c1ccc(cc1)N(C(C(=O)NC1CCCCC1)c1cccnc1)S(=O)(=O)C=C,0
CC(C)(C)c1ccc(cc1)N(C(C(=O)NCc1cccnc1)c1cccnc1)C(=O)C=C,0
CC(C)(C)c1ccc(cc1)N(C(C(=O)NCc1cccnc1)c1cccnc1)C(=O)c1cocn1,0
CC(C)(C)c1ccc(cc1)N(C(C(=O)NCC1CCCO1)c1cccnc1)C(=O)C=C,0
CC(C)(C)c1ccc(cc1)N(C(C(=O)NCCc1cccc(F)c1)c1cccnc1)C(=O)C=C,0
CC(C)(C)c1ccc(cc1)N(C(C(=O)NCCc1cccc(F)c1)c1cccnc1)C(=O)c1c[nH]c(=O)cn1,0
CC(C)(C)c1ccc(cc1)N(C(C(=O)NCCc1cccc(F)c1)c1cccnc1)C(=O)c1c[nH]c(=O)s1,0
CC(C)(C)c1ccc(cc1)N(C(C(=O)NCCc1cccc(F)c1)c1cccnc1)C(=O)c1cc(=O)[nH][nH]1,0
CC(C)(C)c1ccc(cc1)N(C(C(=O)NCCc1cccc(F)c1)c1cccnc1)C(=O)c1cc(on1)C1(O)COC1,0
CC(C)(C)c1ccc(cc1)N(C(C(=O)NCCc1cccc(F)c1)c1cccnc1)C(=O)c1ccc(O)c(=O)o1,0
CC(C)(C)c1ccc(cc1)N(C(C(=O)NCCc1cccc(F)c1)c1cccnc1)C(=O)c1cncs1,0
CC(C)(C)c1ccc(cc1)N(C(C(=O)NCCc1cccc(F)c1)c1cccnc1)C(=O)c1coc(CS(C)(=O)=O)n1,0
CC(C)(C)c1ccc(cc1)N(C(C(=O)NCCc1cccc(F)c1)c1cnc2ccccn12)C(=O)c1ccco1,0
CC(C)(C)c1ccc(cc1)N(C(C(=O)NCCc1cccc(F)c1)c1cncc(O)c1)C(=O)C=C,0
CC(C)(C)c1ccc(cc1)N(C(C(=O)NCCN1CCOCC1)c1cccnc1)C(=O)c1cocn1,0
CC(C)(C)c1ccc(N(C(C(=O)NC2CCCCC2)c2cccnc2)C(=O)CG)c(R)c1,0
CC(C)(C)c1cnc(o1)N(C(C(=O)NCCc1cccc(F)c1)c1cccnc1)C(=O)c1cocn1,0
CC(C)(C)CC(NC(=O)c1nc2ccccc2[nH]1)C(=O)NN(CCC(N)=O)C(=O)C(F)G,1
CC(C)(C)NC(=O)C(N(C(=O)C=C)c1ccc(cc1)C(C)(C)C)c1cncc(G)c1,0
CC(C)(C)OC(=O)N1CCCC11CCN(C(CC2CC2)C(=O)NC(CC2CCNC2=O)C#N)C1=O,0
CC(C)(C)OC(=O)N1CCCCC11CCN(C(CC2CC2)C(=O)NC(CC2CCNC2=O)C#N)C1=O,0
CC(C)(C)OC(=O)Nc1cccn(C(CC2CC2)C(=O)NC(CC2CCNC2=O)C(O)C(=O)NCc2ccccc2)c1=O,1
CC(C)(C)OC(=O)NN(CC(=O)N(Cc1ccccc1)Cc1ccccc1)C#N,1
CC(C)(C)Oc1ccncc1NC(=O)Cc1cccc(G)c1,0
CC(C)(c1ccc(cc1)N(C(C(=O)NCCc1cccc(F)c1)c1cccnc1)C(=O)c1cocn1)S(C)(=O)=O,0
CC(C)(CCc1ccc(G)c(F)c1)C(=O)N1CC2CCCC2C1C(=O)NC(CC1CCNC1=O)C=O,1
CC(C)(CO)C(NC(=O)C(F)(F)F)C(=O)N1CC2C(C1C(=O)NC(CC1CC(=O)NC1=O)C#N)C2(C)C,1
CC(C)(CO)C(NC(=O)C(F)(F)F)C(=O)N1CC2C(C1C(=O)NC(CC1CCNC1=O)C#N)C2(C)C,1
CC(C)(Oc1ccc(G)cc1G)C(=O)N1CC2CCCC2C1C(=O)NC(CC1CCNC1=O)C=O,1
CC(C)(Oc1ccc(G)cc1G)C(=O)N1Cc2ccccc2CC1C(=O)NC(CC1CCNC1=O)C=O,1
CC(C)(OCc1ccc(F)cc1F)C(=O)N1CC2CCCC2C1C(=O)NC(CC1CCNC1=O)C=O,1
CC(C)C(=O)NC(C(=O)N1CC2C(C1C(=O)NC(CC1CCNC1=O)C(=O)c1nc3ccccc3s1)C2(C)C)C(C)(C)C,1
CC(C)C(NC(=O)C(F)(F)F)C(=O)N1CC2C(C1C(=O)NC(CC1CCNC1=O)C#N)C2(C)C,1
CC(C)C(NC(=O)C(F)(F)F)C(=O)N1CC2C(C1C(=O)NC(CC1CCNC1=O)C(=O)c1nc3ccccc3s1)C2(C)C,1
CC(C)C(NC(=O)OC(C)(C)C)C(=O)N1CC2C(C1C(=O)NC(CC1CCNC1=O)C(=O)c1nc3ccccc3s1)C2(C)C,1
CC(C)C(NC(=O)OCc1ccccc1)C(=O)NC(Cc1ccccc1)C(=O)NC(CC1CCNC1=O)C=O,1
CC(C)C(NC(=O)OCc1ccccc1)C(=O)NC(CC1CCCCC1)C(=O)NC(CC1CCNC1=O)C=O,1
CC(C)C(NS(=O)(=O)C(C)(C)C)C(=O)N1CC2C(C1C(=O)NC(CC1CCNC1=O)C(=O)c1nc3ccccc3s1)C2(C)C,1
CC(C)C(NS(=O)(=O)C(F)(F)F)C(=O)N1CCC(CC1C(=O)NC(CC1CCNC1=O)C#N)C(C)(C)C,1
CC(C)C(NS(=O)(=O)C1CC1)C(=O)N1CC2C(C1C(=O)NC(CC1CCNC1=O)C(=O)c1nc3ccccc3s1)C2(C)C,1
CC(C)C(NS(C)(=O)=O)C(=O)N1CC2(CC2)CC1C(=O)NC(CC1CCNC1=O)C(=O)c1nc2ccccc2s1,1
CC(C)C(NS(C)(=O)=O)C(=O)N1CC2C(C1C(=O)NC(CC1CCNC1=O)C(=O)c1nc3c(cccc3s1)C(F)(F)F)C2(C)C,1
CC(C)C(NS(C)(=O)=O)C(=O)N1CC2C(C1C(=O)NC(CC1CCNC1=O)C(=O)c1nc3ccccc3s1)C2(C)C,1
CC(C)CC(N(C)C(=O)c1cc2cc(F)ccc2[nH]1)C(=O)NN(CCC(N)=O)C(=O)C(F)G,1
CC(C)CC(N(C)C(=O)c1cc2ccccc2[nH]1)C(=O)NN(CCC(N)=O)C(=O)CG,1
CC(C)CC(NC(=O)C(NC(=O)C=Cc1ccc(G)cc1F)C(C)C)C(=O)NC(CC1CCNC1=O)C=O,1
CC(C)CC(NC(=O)C(NC(=O)CCCC#C)C(C)(C)C)C(=O)NN(CCC(N)=O)C(=O)CG,1
CC(C)CC(NC(=O)C(NC(=O)OCc1ccccc1)C(C)C)C(=O)NC(CC1CCNC1=O)C=O,1
CC(C)CC(NC(=O)C(NC(=O)OCc1ccccc1)C(C)OC(C)(C)C)C(=O)NC(CC1CCNC1=O)C=O,1
CC(C)CC(NC(=O)C=Cc1ccc(G)cc1F)C(=O)NN(CCC(N)=O)C(=O)CG,1
CC(C)CC(NC(=O)C=Cc1ccccc1)C(=O)NC(CC1CCNC1=O)C=O,1
CC(C)CC(NC(=O)c1cc2c(G)cccc2[nH]1)C(=O)NN(CCC(N)=O)C(=O)C(F)G,1
CC(C)CC(NC(=O)c1cc2cc(G)ccc2[nH]1)C(=O)NN(CCC(N)=O)C(=O)C(F)G,1
CC(C)CC(NC(=O)c1cc2ccccc2[nH]1)C(=O)NN(CC1CCNC1=O)C(=O)CG,1
CC(C)CC(NC(=O)c1cc2ccccc2[nH]1)C(=O)NN(CCC(N)=O)C(=O)C(F)G,1
CC(C)CC(NC(=O)c1cc2cccnc2[nH]1)C(=O)NN(CCC(N)=O)C(=O)CG,1
CC(C)CC(NC(=O)c1cc2ccncc2[nH]1)C(=O)NN(CCC(N)=O)C(=O)C(F)G,1
CC(C)CC(NC(=O)c1cc2cnccc2[nH]1)C(=O)NN(CCC(N)=O)C(=O)CG,1
CC(C)CC(NC(=O)c1nc2cc(G)ccc2[nH]1)C(=O)NN(CCC(N)=O)C(=O)C(F)G,1
CC(C)CC(NC(=O)c1nc2ccccc2[nH]1)C(=O)NN(CCC(N)=O)C(=O)C(F)G,1
CC(C)CC(NC(=O)c1nc2ccccc2[nH]1)C(=O)NN(CCC(N)=O)C(=O)CG,1
CC(C)CC(NC(=O)Nc1ccc(cc1)-c1noc(n1)-c1cccs1)C(=O)N(C)N(C)C#N,0
CC(C)CC(NC(=O)NCc1ccc(cc1)-c1noc(C)n1)C(=O)N(C)N(C)C#N,0
CC(C)CC(NC(=O)Oc1cc2ccccc2[nH]1)C(=O)NN(CCC(N)=O)C(=O)CG,1
CC(C)CC(NC(=O)OCC1CCC(F)(F)CC1)C(=O)NC(CC1CCNC1=O)C=O,1
CC(C)CC(NC(=O)OCc1ccccc1)C(=O)NN(CC1CCNC1=O)C(=O)CG,1
CC(C)CC(NC(=O)OCc1ccccc1)C(=O)NN(CCC(N)=O)C(=O)CG,1
CC(C)CCN1C(=O)C(=O)c2cc(R)ccc12,0
CC(C)Cn1cc(NC(=O)NCc2ccco2)c2ccccc2c1=O,0
CC(C)Cn1cc(NC(=O)NCCc2c(C)noc2C)c2ccccc2c1=O,0
CC(C)Oc1cc(G)cc(c1)N(CCC1CCCCC1)C(=O)Nc1cnccc1C,0
CC(C)S(=O)(=O)c1ccc(cc1)N(C(C(=O)NCCc1cccc(F)c1)c1cccnc1)C(=O)c1cocn1,0
CC(CCc1ccco1)NC(=O)Nc1cn(C)c(=O)c2ccccc12,0
CC(G)C(=O)N(C(C(=O)NC1CCCCC1)c1cccnc1)c1ccc(cc1)C(C)(C)C,0
CC(NC(=O)CG)c1cc(F)cc(G)c1,0
CC(OC(C)(C)C)C(NC(=O)OCc1ccccc1)C(=O)NC(Cc1ccccc1)C(=O)NC(CC1CCNC1=O)C=O,1
CC(OC(C)(C)C)C(NC(=O)OCc1ccccc1)C(=O)NC(CC1CCCCC1)C(=O)NC(CC1CCNC1=O)C=O,1
CC(Oc1ccc(G)cc1G)C(=O)N1CC2CCCC2C1C(=O)NC(CC1CCNC1=O)C=O,1
CC(OCc1ccccc1)C(=O)N1CC2CCCC2C1C(=O)NC(CC1CCNC1=O)C=O,1
CC1(C)C2CN(C(C12)C(=O)NC(CC1C(=O)NCC1(C)C)C=O)C(=O)COc1ccc(G)cc1G,1
CC1(C)C2CN(C(C12)C(=O)NC(CC1C(=O)NCC1(F)F)C=O)C(=O)COc1ccc(G)cc1G,1
CC1(C)C2CN(C(C12)C(=O)NC(Cc1ccccc1)C=O)C(=O)c1ccc2ccccc2c1,1
CC1(C)C2CN(C(C12)C(=O)NC(Cc1ccccc1)C=O)C(=O)c1ccc2ccccc2n1,0
CC1(C)C2CN(C(C12)C(=O)NC(CC1CCNC1=O)C#N)C(=O)C(CC(F)F)NC(=O)C(F)(F)F,1
CC1(C)C2CN(C(C12)C(=O)NC(CC1CCNC1=O)C#N)C(=O)C(CC1CCC1)NC(=O)C(F)(F)F,1
CC1(C)C2CN(C(C12)C(=O)NC(CC1CCNC1=O)C#N)C(=O)C(Cc1ccccn1)NC(=O)C(F)(F)F,1
CC1(C)C2CN(C(C12)C(=O)NC(CC1CCNC1=O)C#N)C(=O)C(CCC(F)(F)F)NC(=O)C(F)(F)F,1
CC1(C)C2CN(C(C12)C(=O)NC(CC1CCNC1=O)C#N)C(=O)C(Cn1cccn1)NC(=O)C(F)(F)F,1
CC1(C)C2CN(C(C12)C(=O)NC(CC1CCNC1=O)C#N)C(=O)C(NS(=O)(=O)C(F)(F)F)C1CCCCC1,1
CC1(C)C2CN(C(C12)C(=O)NC(CC1CCNC1=O)C(=O)c1nc2ccccc2s1)C(=O)c1cc2ccccc2[nH]1,1
CC1(C)C2CN(C(C12)C(=O)NC(CC1CCNC1=O)C=O)C(=O)c1ccc2ccccc2c1,1
CC1(C)C2CN(C(C12)C(=O)NC(CC1CCNC1=O)C=O)C(=O)CCc1cccc(F)c1,1
CC1(C)C2CN(C(C12)C(=O)NC(CC1CCNC1=O)C=O)C(=O)COc1cc(F)cc(F)c1,1
CC1(C)C2CN(C(C12)C(=O)NC(CC1CCNC1=O)C=O)C(=O)COc1ccc(R)cc1G,1
CC1(C)C2CN(C(C12)C(=O)NC(CC1CCNC1=O)C=O)C(=O)COc1ccc(G)c(R)c1,1
CC1(C)C2CN(C(C12)C(=O)NC(CC1CCNC1=O)C=O)C(=O)COc1ccc(G)c(G)c1,1
CC1(C)C2CN(C(C12)C(=O)NC(CC1CCNC1=O)C=O)C(=O)COc1ccc(G)cc1,1
CC1(C)C2CN(C(C12)C(=O)NC(CC1CCNC1=O)C=O)C(=O)COc1ccc(G)cc1G,1
CC1(C)C2CN(C(C12)C(=O)NC(CC1CCNC1=O)C=O)C(=O)COc1ccc(F)c(F)c1,1
CC1(C)C2CN(C(C12)C(=O)NC(CC1CCNC1=O)C=O)C(=O)COc1ccc(OC(F)(F)F)cc1,1
CC1(C)C2CN(C(C12)C(=O)NC(CC1CCNC1=O)C=O)C(=O)COc1ccc2ccccc2c1,1
CC1(C)C2CN(C(C12)C(=O)NC(CC1CCNC1=O)C=O)C(=O)COc1ccc2OCOc2c1,1
CC1(C)CNC(=O)C1CC(NC(=O)C1C2CCCC2CN1C(=O)COc1ccc(G)cc1G)C=O,1
CC1(CC(NC(=O)c2cc(on2)C(F)(F)F)C(=O)NN(CC2CCNC2=O)C(=O)C(F)G)CC1,1
CC1(CCS(=O)(=O)C1)n1cc(CNCC2(CCOc3ccc(G)cc23)C(=O)Nc2cncc3ccccc23)cn1,0
Cc1[nH]c(C=C2C(=O)Nc3cc(ccc23)-c2ccccc2)c(C)c1CCC(O)=O,0
Cc1[nH]ncc1CC(=O)Nc1cccc(G)c1,0
Cc1c(O)cccc1C(=O)NC(CSc1ccccc1)C(O)CN1CC2CCCCC2CC1C(=O)NC(C)(C)C,0
CC1CC(C(=O)Nc2cncc3ccccc23)c2cc(G)ccc2O1,0
Cc1cc(G)ccc1OCC(=O)N1CC2CCCC2C1C(=O)NC(CC1CCNC1=O)C=O,1
Cc1cc(NC(=O)Cc2cncnc2)cc(OC2CC(=O)N2)c1,0
Cc1cc(nc2n(nc(N)c12)C(=O)C1CCOc2ccc(G)cc12)C(F)(F)F,0
Cc1cc(nc2n[nH]c(NC(=O)C3CCOc4ccc(G)cc34)c12)C(F)(F)F,0
Cc1cc(nc2n[nH]c(NC(=O)Cc3cccc(G)c3)c12)C(F)(F)F,0
Cc1cc(no1)C(=O)NC(CC1CCCCC1)C(=O)NN(CCC(N)=O)C(=O)C(F)G,1
Cc1cc(no1)C(=O)NC(CC1CCCCC1)C(=O)NN(CCC(N)=O)C(=O)CG,1
Cc1cc(no1)C(=O)NC1CCC2SCC(N2C1=O)C(=O)NC(CC1CCNC1=O)C#N,0
Cc1cc(O)c2C(=O)C3CC(O)(C4=C3C(=O)c3cccc(O)c3C4=O)c2c1,0
Cc1ccc(c(F)c1F)-c1cc(G)cc(CC(=O)Nc2cnccc2C)c1,0
Cc1ccc(C)c(c1)-n1sc2cc(F)ccc2c1=O,1
Cc1ccc(CC(=O)NC(C(=O)N2CC3C(C2C(=O)NC(CC2CCNC2=O)C#N)C3(C)C)C(C)(C)C)cc1,1
Cc1ccc(CC(=O)Nc2cncc3ccccc23)cc1,0
Cc1ccc(cc1)N(C(C(=O)NCCc1cccc(F)c1)c1cccnc1)C(=O)c1cocn1,0
Cc1ccc(cc1)S(=O)(=O)CNC(=O)C(N(C(=O)c1cocn1)c1ccc(cc1)C(C)(C)C)c1cccnc1,0
Cc1ccc(cc1)S(=O)(=O)N1CCN(CC1)C(=O)CG,0
Cc1ccc(cc1C)N(C(C(=O)NC1CCCCC1)c1cccnc1)C(=O)CG,0
Cc1ccc(NC2=C(C(=O)N(Cc3cccnc3)C2=O)c2ccccc2)c(C)c1,0
Cc1ccc(NC2=C(C(=O)N(Cc3cccnc3)C2=O)c2ccccc2)cc1C,0
Cc1ccc(NC2=C(C(=O)N(Cc3cccnc3)C2=O)c2ccccc2)cc1G,0
Cc1cccc(NC(=O)CN2C(=O)C(=O)c3ccccc23)c1,0
Cc1ccccc1CC(=O)Nc1cncc2ccccc12,0
Cc1ccn(C(CC2CC2)C(=O)NC(CC2CCNC2=O)C#N)c(=O)c1NC(=O)OC(C)(C)C,0
Cc1ccn(C(CC2CC2)C(=O)NC(CC2CCNC2=O)C#N)c(=O)c1NCC(F)(F)F,0
CC1CCN(CC(=O)Nc2cnccc2C)CC1,0
Cc1ccn2cnnc2c1NC(=O)Cc1cccc(G)c1,0
CC1CCNC(=O)C1NC(=O)Cc1cccc(G)c1,0
Cc1ccnc(N)c1NC(=O)C1CCOc2ccc(G)cc12,0
Cc1ccnc(NC(=O)C2CCOc3ccc(G)cc23)c1N,0
Cc1ccnc2[nH]c(CC3CCN(CC3)C(=O)CG)nc12,0
Cc1ccncc1CC(=O)Nc1cccc(G)c1,0
Cc1ccncc1N1CCC(c2cccc(G)c2)S1(=O)=O,0
Cc1ccncc1N1CCN(C1=O)c1cccc(G)c1,0
Cc1ccncc1NC(=O)C(C)(C)c1cccc(G)c1,0
Cc1ccncc1NC(=O)C(CO)c1cccc(G)c1,0
Cc1ccncc1NC(=O)CC(N1CCC(O)CC1)c1ccccc1,0
Cc1ccncc1NC(=O)Cc1cc(G)cc(NC2CCC(F)(F)C2O)c1,0
Cc1ccncc1NC(=O)Cc1cc(G)cc(NCC(C)(C)C#N)c1,0
Cc1ccncc1NC(=O)Cc1cc(G)cc(NS(C)(=O)=O)c1,0
Cc1ccncc1NC(=O)Cc1cc(G)cc(OCc2cc(no2)-c2ccc(G)cc2)c1,0
Cc1ccncc1NC(=O)Cc1cc(G)cc(OCc2ncn[nH]2)c1,0
Cc1ccncc1NC(=O)Cc1cccc(c1)C#N,0
Cc1ccncc1NC(=O)Cc1cccc(c1)-c1cn[nH]c1,0
Cc1ccncc1NC(=O)Cc1cccc(I)c1,0
Cc1ccncc1NC(=O)Cc1cncc(G)c1,0
Cc1ccncc1NC(=O)CCc1cccc(F)c1,0
Cc1ccncc1NC(=O)CN1C(=O)COc2ccc(G)cc12,0
Cc1ccncc1NC(=O)N(Cc1ccccc1)c1cccc(G)c1,0
Cc1ccncc1NC(=O)Nc1cccc(c1)C#N,0
Cc1ccncc1NC(=O)Nc1cccc(G)c1,0
CC1CNC(=O)C1CC(NC(=O)C1C2C(CN1C(=O)COc1ccc(G)c(G)c1)C2(C)C)C(=O)CF,1
CC1CNC(=O)C1CC(NC(=O)C1C2C(CN1C(=O)COc1ccc(G)c(G)c1)C2(C)C)C=O,1
CC1CNC(=O)C1CC(NC(=O)C1C2C(CN1C(=O)COc1ccc(G)cc1G)C2(C)C)C(=O)CF,1
CC1CNC(=O)C1CC(NC(=O)C1C2C(CN1C(=O)COc1ccc(OC(F)(F)F)cc1)C2(C)C)C(=O)CF,1
CC1CNC(=O)C1CC(NC(=O)C1C2C(CN1C(=O)COc1cccc(c1)-c1ccc(G)cc1)C2(C)C)C(=O)CF,1
CC1CNC(=O)C1CC(NC(=O)C1C2C(CN1C(=O)COc1cccc(c1)-c1ccc(G)cc1)C2(C)C)C=O,1
CC1CNC(=O)C1CC(NC(=O)C1C2CCCC2CN1C(=O)C(C)(C)Oc1ccc(G)cc1G)C=O,1
CC1CNC(=O)C1CC(NC(=O)C1C2CCCC2CN1C(=O)COc1ccc(G)cc1G)C(=O)CF,1
CC1CNC(=O)C1CC(NC(=O)C1C2CCCC2CN1C(=O)COc1ccc(G)cc1G)C=O,1
CC1CNC(=O)C1CC(NC(=O)C1C2CCCC2CN1C(=O)COc1ccc(OC(F)(F)F)cc1)C(=O)CF,1
CC1CNC(=O)C1CC(NC(=O)C1C2CCCC2CN1C(=O)COc1cccc(c1)-c1ccccc1)C(=O)CF,1
CC1CNC(=O)C1CC(NC(=O)C1C2CCCC2CN1C(=O)COc1cccc(c1)-c1ccccc1)C=O,1
Cc1cnnn1-c1ccc(cc1)N(C(C(=O)NCCc1cccc(F)c1)c1cccnc1)C(=O)c1cocn1,0
CC1COc2ccc(G)cc2C1C(=O)Nc1cncc2ccccc12,0
Cc1nc(sc1CSc1ccc(OCC(O)=O)c(C)c1)-c1ccc(c(F)c1)C(F)(F)F,0
Cc1ncoc1-c1ccc(cc1)N(C(C(=O)NC1CCCCC1)c1cncnc1)C(=O)CG,0
Cc1nnc(o1)C1Cc2ccccc2CN1C(=O)CG,0
Cc1nnn(n1)-c1ccc(cc1)N(C(C(=O)NCCc1cccc(F)c1)c1cccnc1)C(=O)c1cocn1,0
Cc1noc(COc2cc(G)cc(CC(=O)Nc3cnccc3C)c2)n1,0
Cc1oc2ccc(cc2c1C)N(C(C(=O)NC1CCCCC1)c1cccnc1)C(=O)CG,0
CCC(=O)NC(C(=O)N1CC2C(C1C(=O)NC(CC1CCNC1=O)C(=O)c1nc3ccccc3s1)C2(C)C)C(C)(C)C,1
CCC(=O)Nc1ccc(cc1)N(Cc1cscn1)C(=O)Cn1nnc2ccccc12,0
CCC(C(NC(=O)C(F)(F)F)C(=O)N1CC2C(C1C(=O)NC(CC1CCNC1=O)C#N)C2(C)C)C(F)(F)F,1
CCC(C)(C)CCN(Cc1ccsc1)C(=O)Cn1nnc2ccccc12,0
CCc1cc(F)ccc1-c1cc(G)cc(CC(=O)Nc2cnccc2C)c1,0
CCc1cccc(NC(=O)C(N(C(=O)C=C)c2ccc(cc2)C(C)OC)c2cccnc2)c1,0
CCc1cccc(NC(=O)C(N(C(=O)C=C)c2ccc3ncsc3c2)c2cccnc2)c1,0
CCC1CN(C1C(=O)NC(CC1CCNC1=O)C#N)C(=O)c1cc2c(OC)cccc2[nH]1,0
CCCC(NC(=O)C1C2C(CN1C(=O)C(C(C)C)c1ccccc1)C2(C)C)C(=O)C(=O)NC1CC1,0
CCCC(NC(=O)C1C2CCCC2CN1C(=O)c1cc2ccccc2[nH]1)C(=O)C(=O)NC1CC1,1
CCCCC1CCC(CC1)OC(=O)NC(CC(C)C)C(=O)NC(CC1CCNC1=O)C=O,1
CCCCc1nc(c[nH]1)-c1nccn1CC(F)(F)F,0
CCCCc1nc(c[nH]1)-c1nccn1CCc1ccccn1,0
CCCCCCCCCCCCCCCCC(C(O)=O)C(O)(CC(O)=O)C(O)=O,0
CCCCN(CCCNC(=O)Nc1cn(CC(C)C)c(=O)c2ccccc12)c1ccccc1,0
CCCCN1C(=O)C(=O)c2cc(R)cc(C)c12,0
CCCCN1C(=O)C(=O)c2cc(I)ccc12,0
CCN(CCO)CCCC(C)Nc1ccnc2cc(G)ccc12,0
CCOC(=O)Cn1cc(nn1)C(=O)N(C(C(=O)NCCc1cccc(F)c1)c1cccnc1)c1ccc(cc1)C(C)(C)C,0
CCS(=O)(=O)NC(C(C)C)C(=O)N1CC2C(C1C(=O)NC(CC1CCNC1=O)C(=O)c1nc3ccccc3s1)C2(C)C,1
Gc1cc(CC(=O)Nc2cc(=O)[nH]c3ccccc23)cc(OC2CC(=O)N2)c1,0
Gc1cc(CC(=O)Nc2cncc3ccccc23)cc(c1)-c1nnn[nH]1,0
Gc1cc(CC(=O)Nc2cncc3ccccc23)cc(OC2CCC(=O)N2)c1,0
Gc1cc(CC(=O)Nn2cnc3ccccc23)cc(OC2CC(=O)N2)c1,0
Gc1cc(G)cc(CCC(=O)N2CC3CCCC3C2C(=O)NC(CC2CCNC2=O)C=O)c1,1
Gc1cc(OCc2ccccc2)c2OCCC(C(=O)Nc3cncc4ccccc34)c2c1,0
Gc1cc(OCc2ccccc2G)cc(c1)C1C=C(C(=O)N(C1=O)c1cccnc1)c1c[nH]c(=O)[nH]c1=O,1
Gc1cc(OCc2cccnc2)c2OCCC(C(=O)Nc3cncc4ccccc34)c2c1,0
Gc1cc2nccc(C(=O)Nc3cncc4ccccc34)c2cc1G,0
Gc1ccc(C=CC(=O)N2CC3CCCC3C2C(=O)NC(CC2CCNC2=O)C=O)c(G)c1,1
Gc1ccc(CC(=O)Nc2cncc3ccccc23)cc1,0
Gc1ccc(CCC(=O)N2CC3CCCC3C2C(=O)NC(CC2CCNC2=O)C=O)c(G)c1,1
Gc1ccc(CCC(=O)N2CC3CCCC3C2C(=O)NC(CC2CCNC2=O)C=O)cc1,1
Gc1ccc(CCC(=O)N2CC3CCCC3C2C(=O)NC(CC2CCNC2=O)C=O)cc1G,1
Gc1ccc(NC(=O)C(N2Cc3ccccc3C2=O)c2ccccc2)cc1,0
Gc1ccc(OCC(=O)N2CC3CCCC3C2C(=O)NC(CC2CCNC2=O)C(=O)C(=O)NC2CC2)c(G)c1,1
Gc1ccc(OCC(=O)N2CC3CCCC3C2C(=O)NC(CC2CCNC2=O)C(=O)C(=O)NCc2ccccc2)c(G)c1,0
Gc1ccc(OCC(=O)N2CC3CCCC3C2C(=O)NC(CC2CCNC2=O)C(=O)C(=O)NCc2ccccn2)c(G)c1,0
Gc1ccc(OCC(=O)N2CC3CCCC3C2C(=O)NC(CC2CCNC2=O)C=O)c(G)c1,1
Gc1ccc(OCC(=O)N2CC3CCCC3C2C(=O)NC(CC2CCNC2=O)C=O)cc1,1
Gc1ccc(OCC(=O)N2CC3CCCC3C2C(=O)NC(CC2CCNC2=O)C=O)cc1G,1
Gc1ccc2CNCC(C(=O)Nc3cncc4ccccc34)c2c1,0
Gc1ccc2OCC(C(=O)Nc3cncc4ccccc34)c2c1,0
Gc1ccc2OCC(Cc2c1)C(=O)Nc1cncc2ccccc12,0
Gc1ccc2OCCC(C(=O)Nc3c[nH]c(=O)c4ccccc34)c2c1,0
Gc1ccc2OCCC(C(=O)Nc3cc(=O)[nH]c4ccccc34)c2c1,0
Gc1ccc2OCCC(C(=O)Nc3cncc4[nH]c(=O)[nH]c34)c2c1,0
Gc1ccc2OCCC(C(=O)Nc3cncc4ccccc34)c2c1,0
Gc1ccc2OCCC(C(=O)Nc3n[nH]c4ccnc(R)c34)c2c1,0
Gc1ccc2OCCC(C(=O)Nc3n[nH]c4ccncc34)c2c1,0
Gc1ccc2OCCC(CC(=O)N3CCN(CC3)C3CCOC3)(C(=O)Nc3cncc4ccccc34)c2c1,0
Gc1ccc2OCCC(CC(=O)N3CCN(CCC#N)CC3)(C(=O)Nc3cncc4ccccc34)c2c1,0
Gc1ccc2OCCC(CCC3CC3)(C(=O)Nc3cncc4ccccc34)c2c1,0
Gc1ccc2OCCC3(NC(=O)N(C3=O)c3cncc4ccccc34)c2c1,0
Gc1ccc2OCCC3(OC(=O)N(C3=O)c3cncc4ccccc34)c2c1,0
Gc1cccc(c1)C(NC(=O)Cn1cc(C#N)c(=O)[nH]c1=O)C(=O)Nc1cncc2ccccc12,0
Gc1cccc(c1)C1CCN(C1=O)c1cncc2ccccc12,0
Gc1cccc(c1)N1C(=O)NC(C1=O)c1cccnc1,0
Gc1cccc(c1)N1CCN(CC1)C(=O)c1cc(=O)cc[nH]1,0
Gc1cccc(c1)N1CCN(CC1)C(=O)C1CC(=O)Nc2ccccc12,0
Gc1cccc(CC(=O)NC2CC(=O)c3ccccc23)c1,0
Gc1cccc(CC(=O)Nc2cccc3[nH]ncc23)c1,0
Gc1cccc(CC(=O)Nc2cccnc2)c1,0
Gc1cccc(CC(=O)Nc2cnc(C#N)c3ccccc23)c1,0
Gc1cccc(CC(=O)Nc2cncc3[nH]ncc23)c1,0
Gc1cccc(CC(=O)Nc2cncc3ccccc23)n1,0
Gc1cccc(CC(=O)Nc2cncc3CCCNc23)c1,0
Gc1cccc(CC(=O)Nc2cncc3cnoc23)c1,0
Gc1cccc(CC(=O)Nc2cncc3ncccc23)c1,0
Gc1cccc(CC(=O)Nc2cncc3nccnc23)c1,0
Gc1cccc(CC(=O)Nc2cnccc2-c2ccccc2)c1,0
Gc1cccc(CC(=O)NC2COCc3ccccc23)c1,0
Gc1cccc(CC(=O)Nc2nncc3ccccc23)c1,0
Gc1cccc(CC(=O)Nc2nnn[nH]2)c1,0
Gc1cccc(CC(C(=O)Nn2nnc3ccccc23)c2ccc(cc2)N2CCCCC2=O)c1,0
Gc1cccc(CCC(=O)N2CC3CCCC3C2C(=O)NC(CC2CCNC2=O)C=O)c1,1
Gc1cccc(CN2CCN(CC2)C(=O)C=O)c1,0
Gc1cccc(NC(=O)Cn2cnc3ccccc23)c1,0
Gc1cccc(NC(=O)Cn2nnc3ccccc23)c1,0
Gc1cccc2cc([nH]c12)C(=O)N1CC2(CC1C(=O)NC(CC1CCCNC1=O)C#N)CCCCC2,0
Gc1cccc2cc([nH]c12)C(=O)N1CC2(CCC2)CC1C(=O)NC(CC1CCCNC1=O)C#N,0
Gc1cncc(OC(=O)c2c[nH]c3ccccc23)c1,0
Gc1cncc(OC(=O)c2cc3c(G)cc(G)cc3[nH]2)c1,1
Gc1cncc(OC(=O)c2cc3ccccc3[nH]2)c1,1
Gc1cncc(OC(=O)c2cc3ccccc3o2)c1,1
Gc1cncc(OC(=O)c2cc3ccccc3s2)c1,1
Gc1cnccc1CC(=O)Nc1cncc2ccccc12,0
Gc1sccc1COc1cc(G)cc(c1)-c1cc(cn(-c2cccnc2)c1=O)-c1c[nH]c(=O)[nH]c1=O,1
GCC(=O)C(CC1CCNC1=O)NC(=O)C1C2CCCC2CN1C(=O)COc1ccc(G)cc1G,1
GCC(=O)N1CCc2sccc2C1c1ccccc1,0
GCC(=O)N1CCc2sccc2C1c1cccs1,0
GCC(=O)N1CCN(CC1)C1(CC1)c1cccc(G)c1,0
GCC(=O)N1CCN(Cc2cccc(CNC(=O)N3CCOCC3)c2)CC1,0
GCC(=O)N1CCN(Cc2cnc(Cc3ccccc3)s2)CC1,0
GCC(=O)N1N=C(CC1c1cccs1)c1ccco1,0
GCC(=O)Nc1cc(nn1-c1ccccc1)-c1ccccc1,0
GCC(=O)Nc1cccc(c1)N1CCCC1=O,0
CN(C(=O)Cc1cccc(G)c1)c1cncc2ccccc12,0
CN(C(=O)Cn1nnc2ccccc12)c1ccc(Oc2ccc(cn2)C(F)(F)F)cc1,0
CN(C(CC1CCCCC1)C(=O)NN(CCC(N)=O)C(=O)CG)C(=O)c1cc2ccccc2[nH]1,1
CN(C)C(=O)CC1(CCOc2ccc(G)cc12)C(=O)Nc1cncc2ccccc12,0
CN(C)C(=O)CNC(=O)C(N(C(=O)c1cocn1)c1ccc(cc1)C(C)(C)C)c1cccnc1,0
CN(C)C(=O)COc1ccc(cc1C=O)-c1cccc2[nH]ncc12,1
CN(C)c1cncc(CN(C(=O)c2cc(=O)[nH]c3ccccc23)c2cccc(G)c2)c1,0
CN(C)S(=O)(=O)N1CC(C(=O)Nc2cnccc2C(F)(F)F)c2cc(G)ccc2C1,0
CN(Cc1ccccc1)C(=O)CSc1c[nH]c2c(R)cccc12,0
CN(CCO)C1CCN(CC1)C(=O)CC1(CCOc2ccc(G)cc12)C(=O)Nc1cncc2ccccc12,0
CN1C(=O)CC(O)(C(=O)Nc2cncc3ccccc23)c2cc(G)ccc12,0
CN1C(=O)CCc2cc(ccc12)N(C(C(=O)NCCc1cccc(F)c1)c1cccnc1)C(=O)c1cocn1,0
Cn1c(nc2ccccc12)C(NC(=O)Cc1cc2ccccc2[nH]1)c1cccc(G)c1,0
Cn1c2c(NC(=O)C3CCOc4ccc(G)cc34)cncc2[nH]c1=O,0
Cn1cc(cn1)-c1ccc(cc1)N(Cc1ccsc1)C(=O)Cn1nnc2ccccc12,0
CN1CCC(C(=O)Nc2cncc3ccccc23)c2cc(G)ccc12,0
CN1CCC(CCN(C(C(=O)NC2CCCCC2)c2cccnc2)C(=O)CG)CC1,0
Cn1ccc2cc(ccc12)N(C(C(=O)NCCc1cccc(F)c1)c1cccnc1)C(=O)c1cocn1,0
CN1CCCC11CCN(C(CC2CC2)C(=O)NC(CC2CCNC2=O)C#N)C1=O,0
CN1CCCCC11CCN(C(CC2CC2)C(=O)NC(CC2CCNC2=O)C#N)C1=O,0
CN1CCCN(C1=O)c1ccc(cc1)N(C(C(=O)NCCc1cccc(F)c1)c1cccnc1)C(=O)c1cocn1,0
Cn1cnc(Cn2c(=O)[nH]c(=Nc3cc4cn(C)nc4cc3G)n(Cc3cc(F)c(F)cc3F)c2=O)n1,1
Cn1cnc(n1)C(=O)N(C(C(=O)NCCc1cccc(F)c1)c1cccnc1)c1ccc(cc1)C(C)(C)C,0
Cn1ncc2c1ncn(CC(=O)NC(C(=O)Nc1cncc3ccccc13)c1cccc(G)c1)c2=O,0
Cn1ncc2cc(ccc12)N(C(C(=O)NCCc1cccc(F)c1)c1cccnc1)C(=O)c1cocn1,0
Cn1nncc1CC(=O)NC(c1nc2ccccc2n1C)c1ccccc1,0
CNC(=O)C1(CC(=O)Nc2cncc3ccccc23)CCOc2ccc(G)cc12,0
CNC(=O)c1cc(G)cc(CC(=O)Nc2cnccc2C)c1,0
CNC(=O)CC1(CCOc2ccc(G)cc12)C(=O)Nc1cncc2ccccc12,0
CNC(=O)NC(C(=O)N1CC2C(C1C(=O)NC(CC1CCNC1=O)C#N)C2(C)C)C(C)(C)C,1
CNc1cncc(NC(=O)C2CCOc3ccc(G)cc23)c1C,0
COC(=O)c1c(NCCCc2ccccc2)c2cc(F)ccc2[nH]c1=O,0
COC(=O)c1cc(R)cc2C(=O)C(=O)Nc12,0
COC(=O)CC(NC(=O)C1C2C(CN1C(=O)C=Cc1ccccc1)C2(C)C)C(=O)CF,1
COC(=O)CCC(NC(=O)C(CC(=O)OC)NC(=O)OCc1ccccc1)C(=O)NC(C(C)C)C(=O)NC(CC(=O)OC)C(=O)CF,1
COC(=O)NC(C(=O)N1CC2C(C1C(=O)NC(CC1CCNC1=O)C#N)C2(C)C)C(C)(C)C,1
COC1(CCOc2c(F)cc(F)cc12)C(=O)Nc1cncc2ccccc12,0
COC1(CCOc2cc(G)c(G)cc12)C(=O)Nc1cncc2ccccc12,0
COC1(CCOc2cc(F)c(G)cc12)C(=O)Nc1cncc2ccccc12,0
COC1(CCOc2ccc(G)cc12)C(=O)Nc1cncc2ccc(F)cc12,0
COC1(CCOc2ccc(G)cc12)C(=O)Nc1cncc2ccccc12,0
COc1c(F)cc(F)c2[nH]c(cc12)C(=O)NC(CC(C)(C)C)C(=O)NC(CC1CCNC1=O)C#N,1
COc1c(F)cc(F)c2[nH]c(cc12)C(=O)NC(CC(C)C)C(=O)NC(CC1CCNC1=O)C#N,1
COc1c(F)ccc2[nH]c(cc12)C(=O)NC(CC(C)C)C(=O)NC(CC1CCNC1=O)C#N,1
COc1cc(C=CN(=O)=O)cc(OC)c1OC,0
COc1cc(cc(C=O)c1OCC(=O)N(C)C)-c1cccc2[nH]ncc12,1
COc1cc(cc(CO)c1OCC(=O)N1CCC(C1)Oc1cccc(c1)C(=O)N(C)C)-c1cccc2[nH]ncc12,1
COc1cc(G)cc(CC(=O)Nc2cnccc2C)c1,0
COc1cc(OCC(=O)N2CC3C(C2C(=O)NC(CC2CCNC2=O)C=O)C3(C)C)cc(OC)c1OC,1
COc1cc2cc([nH]c2cn1)C(=O)NC(CC(C)C)C(=O)NN(CCC(N)=O)C(=O)C(F)G,1
COc1cc2cc(nc2c[nH]1)C(=O)NC(CC(C)C)C(=O)NN(CCC(N)=O)C(=O)CG,1
COc1ccc(C)c2[nH]c(cc12)C(=O)NC(CC(C)(C)C)C(=O)NC(CC1CCNC1=O)C#N,1
COc1ccc(C)c2[nH]c(cc12)C(=O)NC(CC(C)C)C(=O)NC(CC1CCNC1=O)C#N,1
COc1ccc(C=CN(=O)=O)cc1,0
COc1ccc(c2[nH]c(cc12)C(=O)NC(CC(C)(C)C)C(=O)NC(CC1CCNC1=O)C#N)C(F)(F)F,1
COc1ccc(c2[nH]c(cc12)C(=O)NC(CC(C)C)C(=O)NC(CC1CCNC1=O)C#N)C(F)(F)F,1
COc1ccc(CC(=O)Nc2cncc3ccccc23)cc1,0
COc1ccc(cc1)-c1nc(SCCc2ccccc2)[nH]c(=O)c1C#N,0
COc1ccc(cc1)N(C(C(=O)NCCc1cccc(F)c1)c1cccnc1)C(=O)c1ccco1,0
COc1ccc(cc1)N(C(C(=O)NCCc1cccc(F)c1)c1cccnc1)C(=O)c1cocn1,0
COc1ccc(cc1)S(=O)(=O)N1CCN(CC1)C(=O)CG,0
COc1ccc(cc1NC(=O)C1CCCCC1)N(C(C(=O)NCCc1cccc(F)c1)c1cccnc1)C(=O)c1ccco1,0
COc1ccc(CCC(=O)N2CC3CCCC3C2C(=O)NC(CC2CCNC2=O)C=O)c(G)c1,1
COc1ccc(CCC(=O)N2CC3CCCC3C2C(=O)NC(CC2CCNC2=O)C=O)cc1,1
COc1ccc(CNC(=O)N2CC3CCCC3C2C(=O)NC(CC2CCNC2=O)C=O)cc1,1
COc1ccc(F)c2[nH]c(cc12)C(=O)NC(CC(C)(C)C)C(=O)NC(CC1CCNC1=O)C#N,1
COc1ccc(F)c2[nH]c(cc12)C(=O)NC(CC(C)C)C(=O)NC(CC1CCNC1=O)C#N,1
COc1ccc(NC(=O)C(N(C(=O)C=C)c2ccc(cc2)C(F)(F)F)c2cccnc2)cc1,0
COc1ccc(OC(C)C(=O)N2CC3CCCC3C2C(=O)NC(CC2CCNC2=O)C=O)cc1,1
COc1ccc(OCC(=O)N2CC3C(C2C(=O)NC(CC2CCNC2=O)C=O)C3(C)C)cc1,1
COc1ccc(OCC(=O)N2CC3C(C2C(=O)NC(CC2CCNC2=O)C=O)C3(C)C)cc1F,1
COc1ccc(OCC(=O)N2CC3C(C2C(=O)NC(CC2CCNC2=O)C=O)C3(C)C)cc1OC,1
COc1ccc(OCC(=O)N2CC3CCCC3C2C(=O)NC(CC2CCNC2=O)C=O)cc1,1
COc1ccc2c(N)nn(C(=O)C3CCOc4ccc(G)cc34)c2c1,0
COc1ccc2c(NC(=O)C3CCOc4ccc(G)cc34)noc2c1,0
COc1ccc2c(NC(=O)Cc3cccc(G)c3)[nH]nc2c1,0
COc1ccc2c(OC3CC4N(C3)C(=O)C(CCCCCC=CC3CC3(NC4=O)C(O)=O)NC(=O)OC3CCCC3)cc(nc2c1)-c1csc(NC(C)C)n1,0
COc1ccc2cc(ccc2c1)-c1cc(nn1C(C)c1ccc(cc1)C(=O)NCCC(O)=O)-c1cc(G)cc(G)c1,0
COc1ccc2cncc(NC(=O)C3CCNc4cc(G)c(G)cc34)c2c1,0
COc1ccc2nnn(CC(=O)N(Cc3ccccn3)c3ccc(cc3)C3CCNCC3)c2c1,0
COc1cccc(c1)N(C(C(=O)NC1CCCCC1)c1cccnc1)C(=O)CG,0
COc1cccc(CC(=O)Nc2cncc3ccccc23)c1,0
COc1cccc(CCC(=O)N2CC3CCCC3C2C(=O)NC(CC2CCNC2=O)C=O)c1,1
COc1cccc(CN2CCN(CC2)C(=O)c2cc(=O)[nH]c3ccccc23)c1,0
COc1cccc(OCC(=O)N2CC3C(C2C(=O)NC(CC2CCNC2=O)C=O)C3(C)C)c1,1
COc1cccc2[nH]c(cc12)C(=O)N1CC(C)(C)CC1C(=O)NC(CC1CCNC1=O)C#N,0
COc1cccc2[nH]c(cc12)C(=O)N1CC(CC1C(=O)NC(CC1CCNC1=O)C(O)S([O-])(=O)=O)c1ccccc1,0
COc1cccc2[nH]c(cc12)C(=O)N1CC2(CC(F)(F)C2)CC1C(=O)NC(CC1CCCNC1=O)C#N,0
COc1cccc2[nH]c(cc12)C(=O)N1CC2(CC1C(=O)NC(CC1CCCNC1=O)C#N)CCCCC2,0
COc1cccc2[nH]c(cc12)C(=O)N1CC2(CC1C(=O)NC(CC1CCNC1=O)C#N)CCCCC2,0
COc1cccc2[nH]c(cc12)C(=O)N1CC2(CCC2)CC1C(=O)NC(CC1CCCNC1=O)C#N,0
COc1cccc2[nH]c(cc12)C(=O)N1CC2(CCC2)CC1C(=O)NC(CC1CCNC1=O)C#N,0
COc1cccc2[nH]c(cc12)C(=O)N1CC2C(C1C(=O)NC(CC1CCNC1=O)C(=O)c1nc3ccccc3s1)C2(C)C,1
COc1cccc2[nH]c(cc12)C(=O)NC(CC(C)(C)C)C(=O)NC(CC1CCCNC1=O)C#N,0
COc1cccc2[nH]c(cc12)C(=O)NC(CC(C)C)C(=O)NC(Cc1cc(=O)[nH]c2ccccc12)C#N,0
COc1cccc2[nH]c(cc12)C(=O)NC(CC(C)C)C(=O)NC(CC1CC(=O)Nc2ccccc12)C#N,0
COc1cccc2[nH]c(cc12)C(=O)NC(CC(C)C)C(=O)NC(Cc1cc[nH]n1)C#N,0
COc1cccc2[nH]c(cc12)C(=O)NC(CC(C)C)C(=O)NC(Cc1cccnc1)C#N,0
COc1cccc2[nH]c(cc12)C(=O)NC(CC(C)C)C(=O)NC(CC1CCCNC1=O)C(=O)CO,1
COc1cccc2[nH]c(cc12)C(=O)NC(CC(C)C)C(=O)NC(CC1CCCNC1=O)C(=O)COC(=O)C(C)(C)C#N,1
COc1cccc2[nH]c(cc12)C(=O)NC(CC(C)C)C(=O)NC(CC1CCCNC1=O)C(=O)COC(=O)C(C)(C)C(F)(F)F,1
COc1cccc2[nH]c(cc12)C(=O)NC(CC(C)C)C(=O)NC(CC1CCCNC1=O)C(=O)COC(=O)C1(C)OCCCO1,1
COc1cccc2[nH]c(cc12)C(=O)NC(CC(C)C)C(=O)NC(CC1CCCNC1=O)C(=O)COC(=O)c1c(C)cc(C)nc1C,1
COc1cccc2[nH]c(cc12)C(=O)NC(CC(C)C)C(=O)NC(CC1CCCNC1=O)C(=O)COC(=O)c1c(C)nc(C)cc1C(F)(F)F,1
COc1cccc2[nH]c(cc12)C(=O)NC(CC(C)C)C(=O)NC(CC1CCCNC1=O)C(=O)COC(=O)c1c(C)nc(C)nc1C,1
COc1cccc2[nH]c(cc12)C(=O)NC(CC(C)C)C(=O)NC(CC1CCCNC1=O)C(=O)COC(=O)c1c(cccc1C(F)(F)F)C(F)(F)F,1
COc1cccc2[nH]c(cc12)C(=O)NC(CC(C)C)C(=O)NC(CC1CCCNC1=O)C(=O)COC(=O)c1c(G)cccc1G,1
COc1cccc2[nH]c(cc12)C(=O)NC(CC(C)C)C(=O)NC(CC1CCCNC1=O)C(=O)COC(=O)c1cccnc1,1
COc1cccc2[nH]c(cc12)C(=O)NC(CC(C)C)C(=O)NC(CC1CCNC1=O)C(=O)CO,1
COc1cccc2[nH]c(cc12)C(=O)NC(CC(C)C)C(=O)NC(CC1CCNC1=O)C(=O)COC(=O)C1(C)CCN(C)CC1,1
COc1cccc2[nH]c(cc12)C(=O)NC(CC(C)C)C(=O)NC(CC1CCNC1=O)C(=O)COC(=O)c1c(C)ccnc1C,1
COc1cccc2[nH]c(cc12)C(=O)NC(CC(C)C)C(=O)NC(CC1CCNC1=O)C(=O)COC(=O)c1c(C)ccnc1CN(C)C,1
COc1cccc2[nH]c(cc12)C(=O)NC(CC(C)C)C(=O)NC(CC1CCNC1=O)C(=O)COC(=O)c1c(C)cncc1C,1
COc1cccc2[nH]c(cc12)C(=O)NC(CC(C)C)C(=O)NC(CC1CCNC1=O)C(=O)COC(=O)c1c(C)nc(C)nc1C,1
COc1cccc2[nH]c(cc12)C(=O)NC(CC(C)C)C(=O)NC(CC1CCNC1=O)C(=O)COC(=O)c1c(C)nc(nc1C)C1CCOCC1,1
COc1cccc2[nH]c(cc12)C(=O)NC(CC(C)C)C(=O)NC(CC1CCNC1=O)C(=O)COC(=O)c1ccccn1,1
COc1cccc2[nH]c(cc12)C(=O)NC(CC(C)C)C(=O)NC(CC1CCNC1=O)C(=O)COC(=O)C1CCCCN1C,1
COc1cccc2[nH]c(cc12)C(=O)NC(CC(C)C)C(=O)NC(CC1CCNC1=O)C(=O)COC(=O)C1CCCN1C,1
COc1cccc2[nH]c(cc12)C(=O)NC(CC(C)C)C(=O)NC(CC1CCNC1=O)C(=O)COC(=O)c1cccnc1,1
COc1cccc2[nH]c(cc12)C(=O)NC(CC(C)C)C(=O)NC(CC1CCNC1=O)C(=O)COC(=O)c1cccnc1C,1
COc1cccc2[nH]c(cc12)C(=O)NC(CC(C)C)C(=O)NC(CC1CCNC1=O)C(=O)COC(=O)C1CCN(C)CC1,1
COc1cccc2[nH]c(cc12)C(=O)NC(CC(C)C)C(=O)NC(CC1CCNC1=O)C(=O)COC(=O)c1ccncc1,1
COc1cccc2[nH]c(cc12)C(=O)NC(CC(C)C)C(=O)NC(CC1CCNC1=O)C(=O)COC(=O)c1ccnn1C,1
COc1cccc2[nH]c(cc12)C(=O)NC(CC(C)C)C(=O)NC(CC1CCNC1=O)C(=O)COC(=O)c1cnccc1C,1
COc1cccc2[nH]c(cc12)C(=O)NC(CC(C)C)C(=O)NC(CC1CCNC1=O)C(=O)COC(=O)Cc1c(C)cc(cc1C)C#N,1
COc1cccc2[nH]c(cc12)C(=O)NC(CC(C)C)C(=O)NC(CC1CCNC1=O)C(=O)COC(=O)Cc1c(C)cccc1G,1
COc1cccc2[nH]c(cc12)C(=O)NC(CC(C)C)C(=O)NC(CC1CCNC1=O)C(=O)COC(=O)Cc1c(C)cccc1F,1
COc1cccc2[nH]c(cc12)C(=O)NC(CC(C)C)C(=O)NC(CC1CCNC1=O)C(=O)COC(=O)Cc1c(C)ncnc1C,1
COc1cccc2[nH]c(cc12)C(=O)NC(CC(C)C)C(=O)NC(CC1CCNC1=O)C(=O)COC(=O)Cc1ccccc1G,1
COc1cccc2[nH]c(cc12)C(=O)NC(CC(C)C)C(=O)NC(CC1CCNC1=O)C(=O)COC(=O)Cc1ccccc1CN(C)C,1
COc1cccc2[nH]c(cc12)C(=O)NC(CC(C)C)C(=O)NC(CC1CCNC1=O)C(=O)COC(=O)CN(C)C,1
COc1cccc2[nH]c(cc12)C(=O)NC(CC(C)C)C(=O)NC(CC1CCNC1=O)C(=O)COP(O)(O)=O,1
COc1cccc2[nH]c(cc12)C(=O)NC(CC(C)C)C(=O)NC(CC1CCNC1=O)C(NC(C)c1ccccc1)C#N,0
COc1cccc2[nH]c(cc12)C(=O)NC(CC(C)C)C(=O)NC(CC1CCNC1=O)C(NCC(O)=O)C#N,0
COc1cccc2[nH]c(cc12)C(=O)NC(CC(C)C)C(=O)NC(CC1CCNC1=O)C(O)C#N,0
COc1cccc2[nH]c(cc12)C(=O)NC(CC(C)C)C(=O)NC(CC1CCNC1=O)C(O)c1nc2ccccc2s1,1
COc1cccc2[nH]c(cc12)C(=O)NC(CC(C)C)C(=O)NC(Cc1cnc[nH]1)C#N,0
COc1cccc2[nH]c(cc12)C(=O)NC(CC(C)C)C(=O)NC(Cc1cncn1C)C#N,0
COc1cccc2[nH]c(cc12)C(=O)NC(CC(C)C)C(=O)NN(CCC(N)=O)C(=O)C(F)G,1
COc1cccc2[nH]c(cc12)C(=O)NC(CC1CC1)C(=O)NC(CC1CCCNC1=O)C#N,0
COc1cccc2[nH]c(cc12)C(=O)NC(CC1CC1)C(=O)NC1(CC2CCC1C1C2C(=O)NC1=O)C#N,0
COc1cccc2[nH]c(cc12)C(=O)NC(CC1CC1)C(=O)NC1(CCc2cccnc2C1)C#N,0
COc1cccc2[nH]c(cc12)C(=O)NC(Cc1cccc(G)c1)C(=O)NC(CC1CCNC1=O)C#N,0
COc1cccc2[nH]c(cc12)C(=O)NC(CC1CCCCC1)C(=O)NN(CCC(N)=O)C(=O)C(F)G,1
COc1cccc2[nH]c(cc12)C(=O)NC(CNC(CC1CCNC1=O)C#N)CC(C)(C)C,0
COc1cccc2[nH]c(OC(=O)NC(CC(C)C)C(=O)NN(CCC(N)=O)C(=O)CG)cc12,1
COc1ccccc1CC(=O)Nc1cncc2ccccc12,0
COc1ccccc1N1CCN(CC1)C(=O)c1cc(=O)[nH]c2ccccc12,0
COc1ccccc1OCC(C)NC(=O)c1cc(=O)[nH]c2cc(F)ccc12,0
COc1ccccc1OCCC(=O)Nc1cncc2ccccc12,0
COc1ccncc1NC(=O)Cc1cccc(G)c1,0
COc1nc2ncc(cn2n1)C(N(C(=O)c1cocn1)c1ccc(cc1)C(C)(C)C)C(=O)NCCc1cccc(F)c1,0
COc1nccc2[nH]c(cc12)C(=O)NC(CC1CC1)C(=O)NC(CC1CCCNC1=O)C#N,0
COCc1ccc(cc1)N(C(C(=O)NCCc1cccc(F)c1)c1cccnc1)C(=O)c1c[nH]cn1,0
COCCNC(=O)C(N(C(=O)C=C)c1ccc(cc1)C(C)(C)C)c1cccnc1,0
CS(=O)(=O)c1ccc(cc1)N(C(C(=O)NCCc1cccc(F)c1)c1cccnc1)C(=O)c1cocn1,0
CS(=O)(=O)c1ccc(cc1)N1CCNCC1,0
CS(=O)(=O)Cc1ccc(cc1)N(C(C(=O)NCCc1cccc(F)c1)c1cccnc1)C(=O)c1c[nH]cn1,0
CS(=O)(=O)Cc1ccc(cc1)N(C(C(=O)NCCc1cccc(F)c1)c1cccnc1)C(=O)c1cocn1,0
CS(=O)(=O)N1CCc2ccc(CN3CCN(CC3)C(=O)CG)cc2C1,0
CSc1ccc(CN(C(C(=O)NCCc2cccc(F)c2)c2cccnc2)C(=O)c2ccco2)cc1C#N,0
CSCCNC(=O)C(N(C(=O)C=C)c1ccc(cc1)C(C)(C)C)c1cccnc1,0
FC(G)C(=O)N(C(C(=O)NC1CCC(F)(F)CC1)c1cncnc1)c1ccc(cc1)-c1cncs1,0
FC(G)C(=O)N(C(C(=O)NC1CCC(F)(F)CC1)c1cncnc1)c1ccc(OC(F)(F)F)cc1C#N,0
FC(F)(F)c1cc(NC(=O)c2cnc(G)nc2C(F)(F)F)cc(c1)C(F)(F)F,0
FC(F)(F)c1ccc(CC(=O)Nc2cncc3ccccc23)cc1,0
FC(F)(F)c1cccc(CN2CCN(CC2)C(=O)c2cc(=O)[nH]c3ccccc23)c1,0
FC(F)(F)CN1CCOCC1C(=O)NCC1(CCOc2ccc(G)cc12)C(=O)Nc1cncc2ccccc12,0
FC(F)(F)COc1cc(G)cc(c1)C1C=C(C(=O)N(C1=O)c1cccnc1)c1c[nH]c(=O)[nH]c1=O,1
FC(F)(F)Oc1ccc(N(C(C(=O)NC2CCC(F)(F)CC2)c2cncnc2)C(=O)CG)c(c1)C#N,1
FC(F)(Oc1ccc(G)cc1G)C(=O)N1CC2CCCC2C1C(=O)NC(CC1CCNC1=O)C=O,1
FC(F)c1cc(no1)C(=O)NC(CC12CC(C1)C2)C(=O)NN(CC1CCNC1=O)C(=O)C(F)G,1
FC(F)CN1C(=O)CCc2cc(ccc12)N(C(C(=O)NCCc1cccc(F)c1)c1cccnc1)C(=O)c1c[nH]cn1,0
FC(F)CN1C(=O)CCc2cc(ccc12)N(C(C(=O)NCCc1cccc(F)c1)c1cccnc1)C(=O)c1cocn1,0
FC(F)Oc1ccc(cc1)N(C(C(=O)NCCc1cccc(F)c1)c1cccnc1)C(=O)c1c[nH]cn1,0
FC(Oc1ccc(G)cc1G)C(=O)N1CC2CCCC2C1C(=O)NC(CC1CCNC1=O)C=O,1
FC1(F)CC2(C1)CC(N(C2)C(=O)c1cc2cccc(G)c2[nH]1)C(=O)NC(CC1CCCNC1=O)C#N,0
FC1(F)CCC(CC1)NC(=O)C(N(C(=O)C=C)c1ccc(cc1)-c1cncs1)c1cncnc1,0
FC1(F)CCC(CC1)NC(=O)C(N(C(=O)C1CO1)c1ccc(cc1)-c1ccno1)c1ccnnc1,0
FC1(F)CCC(CC1)NC(=O)C(N(C(=O)C1CO1)c1ccc(cc1)-c1cnco1)c1cncnc1,0
FC1(F)CCC(CC1)NC(=O)C(N(C(=O)CC#N)c1ccc(cc1)-c1cncs1)c1cncnc1,0
FC1(F)CCC(CC1)NC(=O)C(N(C(=O)CG)c1cccc2n(ccc12)C1CC1)c1cncnc1,0
FC1(F)CCC(CC1)NC(=O)C(N(C(=O)CS)c1ccc(cc1)-c1cncs1)c1cncnc1,0
Fc1c(G)cc(cc1OCc1ccccc1G)C1C=C(C(=O)N(C1=O)c1cccnc1)c1c[nH]c(=O)[nH]c1=O,1
Fc1c(G)cc(cc1OCc1ccccc1G)-c1cc(cn(-c2cccnc2)c1=O)-c1c[nH]c(=O)[nH]c1=O,1
Fc1c(G)cccc1CC(=O)Nc1cncc2ccccc12,0
Fc1cc(G)ccc1C=CC(=O)NC(Cc1ccccc1)C(=O)NC(CC1CCNC1=O)C=O,1
Fc1cc(F)cc(CCC(=O)N2CC3CCCC3C2C(=O)NC(CC2CCNC2=O)C=O)c1,1
Fc1cc(NC(=O)Cc2cncnc2)cc(OC2CC(=O)N2)c1,0
Fc1ccc(cc1)S(=O)(=O)N1CCCN(CC1)C(=O)CG,0
Fc1ccc(CCC(=O)N2CC3CCCC3C2C(=O)NC(CC2CCNC2=O)C=O)cc1F,1
Fc1ccc(CNC(=S)N2CC3CCCC3C2C(=O)NC(CC2CCNC2=O)C=O)cc1,1
Fc1ccc2[nH]nc(NC(=O)Cc3cccc(G)c3)c2c1,0
Fc1ccc2c(NC(=O)C3CCS(=O)(=O)c4ccc(G)cc34)cncc2c1,0
Fc1cccc(CC(NC(=O)c2cc3ccccc3[nH]2)C(=O)NC(CC2CCNC2=O)C=O)c1,1
Fc1cccc(CCC(=O)N2CC3CCCC3C2C(=O)NC(CC2CCNC2=O)C=O)c1,1
Fc1cccc(CCN(C(C(=O)NC2CCC(F)(F)CC2)c2cncnc2)C(=O)C2CO2)c1,0
Fc1cccc(CCNC(=O)C(N(C(=O)c2c[nH]cn2)c2ccc(cc2)C2COC2)c2cccnc2)c1,0
Fc1cccc(CCNC(=O)C(N(C(=O)c2c[nH]cn2)c2ccc(Cn3cccn3)cc2)c2cccnc2)c1,0
Fc1cccc(CCNC(=O)C(N(C(=O)c2ccco2)c2ccc(cc2)-c2n[nH]c3CCOCc23)c2cccnc2)c1,0
Fc1cccc(CCNC(=O)C(N(C(=O)c2cnc[nH]2)c2ccc(OC3CCOC3)cc2)c2cccnc2)c1,0
Fc1cccc(CCNC(=O)C(N(C(=O)c2cocn2)c2ccc(cc2)C2CC(=O)NC(=O)C2)c2cccnc2)c1,0
Fc1cccc(CCNC(=O)C(N(C(=O)c2cocn2)c2ccc(cc2)-n2cc[nH]c2=O)c2cccnc2)c1,0
Fc1cccc(CCNC(=O)C(N(C(=O)c2cocn2)c2ccc(cc2)N2CCCC2=O)c2cccnc2)c1,0
Fc1cccc(CCNC(=O)C(N(C(=O)c2cocn2)c2ccc(cc2)N2CCCS2(=O)=O)c2cccnc2)c1,0
Fc1cccc(CCNC(=O)C(N(C(=O)c2cocn2)c2ccc(nc2)C(F)(F)F)c2cccnc2)c1,0
Fc1cccc(CCNC(=O)C(N(C(=O)c2cocn2)c2ccc3nc([nH]c3c2)C(F)(F)F)c2cccnc2)c1,0
Fc1cccc(CCNC(=O)C(N(C(=O)c2cocn2)c2ccc3ncsc3c2)c2cccnc2)c1,0
Fc1cccc(CCNC(=O)C(N(C(=O)c2cocn2)c2ccc3scnc3c2)c2cccnc2)c1,0
Fc1cccc(CCNC(=O)C(N(C(=O)c2cocn2)c2ccccc2)c2cccnc2)c1,0
Fc1cccc(CCNC(=O)C(N(C(=O)c2cocn2)c2cn(Cc3ccccc3)cn2)c2cccnc2)c1,0
Fc1cccc(CCNC(=O)C(N(C(=O)c2cocn2)c2cnc(nc2)C2CCC2)c2cccnc2)c1,0
Fc1cccc(CCNC(=O)C(N(C2CCN(CC2)c2ccccc2)C(=O)c2ccco2)c2cccnc2)c1,0
Fc1cccc(CNC(=S)N2CC3CCCC3C2C(=O)NC(CC2CCNC2=O)C=O)c1,1
Fc1cccc(F)c1S(=O)(=O)N1CCCN(CC1)C(=O)CG,0
Fc1cccc(NC(=O)C(N2Cc3ccccc3C2=O)c2ccccc2)c1,0
Fc1cccc2n[nH]c(NC(=O)Cc3cccc(G)c3)c12,0
Fc1ccccc1CC(=O)Nc1cncc2ccccc12,0
Fc1ccccc1COc1cc(G)cc(c1)C1C=C(C(=O)N(C1=O)c1cccnc1)c1c[nH]c(=O)[nH]c1=O,1
Fc1ccccc1N1CCN(CC1)C(=O)c1cc(=O)[nH]c2ccccc12,0
FCC(=O)C(CC1CCNC1=O)NC(=O)C1C2CCCC2CN1C(=O)COc1ccc(G)cc1G,1
FCCOc1ccc2NC(=O)C(=O)c2c1,0
NC(=N)Nc1ccc(cc1G)-c1ccc(o1)-c1ccc(NC(N)=N)c(G)c1,1
NC(=O)c1ccc2N(Cc3ccc4cc(ccc4c3)-c3ccccc3)C(=O)C(=O)c2c1,0
NC(=O)Cc1ccc2N(Cc3ccc4ccccc4c3)C(=O)C(=O)c2c1,0
NC(=O)CCN(NC(=O)C(CC12CC(C1)C2)NC(=O)c1nc2ccccc2[nH]1)C(=O)C(F)G,1
NC(=O)CCN(NC(=O)C(CC1CC1)NC(=O)c1cc2ccccc2[nH]1)C(=O)C(F)G,1
NC(=O)CCN(NC(=O)C(CC1CC1)NC(=O)OCc1ccccc1)C(=O)CG,1
NC(=O)CCN(NC(=O)C(CC1CCCC1)NC(=O)OCc1ccccc1)C(=O)CG,1
NC(=O)CCN(NC(=O)C(CC1CCCCC1)NC(=O)C=Cc1ccc(G)cc1F)C(=O)CG,1
NC(=O)CCN(NC(=O)C(CC1CCCCC1)NC(=O)c1cc2ccccc2[nH]1)C(=O)C(F)G,1
NC(=O)CCN(NC(=O)C(CC1CCCCC1)NC(=O)c1cc2ccccc2[nH]1)C(=O)CG,1
NC(=O)CCN(NC(=O)C(CC1CCCCC1)NC(=O)OCc1ccccc1)C(=O)C(F)G,1
NC(=O)CCN(NC(=O)C(CC1CCCCC1)NC(=O)OCc1ccccc1)C(=O)CG,1
NC(=O)CCN(NC(=O)C(CC1CCCCC1)NS(=O)(=O)Cc1ccccc1)C(=O)C(F)G,1
NC1(CCOc2ccc(G)cc12)C(=O)Nc1cncc2ccccc12,0
Nc1cncc(NC(=O)Nc2cccc(c2)C#N)c1,0
Nc1cncc2N(CCCc12)C(=O)Cc1cccc(G)c1,0
Nc1nn(C(=O)C2CCOc3ccc(G)cc23)c2cc(F)ccc12,0
Nc1nn(C(=O)C2CCOc3ccc(G)cc23)c2ccncc12,0
Nc1nn(C(=O)Cc2cccc(G)c2)c2cccc(F)c12,0
NCC1(CCOc2ccc(G)cc12)C(=O)Nc1cncc2ccccc12,0
NS(=O)(=O)c1ccc(cc1)N1CCC(CC1)Nc1ccc(F)cc1,0
O=C(Cc1ccc2[nH]c(=O)[nH]c2c1)NC1(CNC(=O)c2cnc[nH]2)CC1,0
O=C(Cc1cccnc1)Nc1cccc(OC2CC(=O)N2)c1,0
O=C(Cc1ccsc1)N1CCN(CC1)c1cc(n[nH]1)-c1cccs1,0
O=C(Cc1cncc2ccccc12)Nc1ccccc1,0
O=C(Cc1n[nH]c2ccccc12)N(Cc1ccccc1)c1ccc(cc1)N1CCCCC1=O,0
O=C(Cn1nnc2ccccc12)N(CC1CCOC1)c1ccc(cc1)-c1cccnc1,0
O=C(CNc1ccc2CCC(C(=O)NC(CC3CCNC3=O)C#N)n2c1=O)Oc1ccccc1,0
O=C(NC(CC1CC1)C(=O)NC1(CC2CCC1C1C2C(=O)NC1=O)C#N)OCc1ccccc1,0
O=C(NC(CC1CCNC1=O)C#N)C(CC1CC1)n1ccc2[nH]cnc2c1=O,0
O=C(NC(CC1CCNC1=O)C#N)C(CC1CC1)N1CCc2cc[nH]c2C1=O,0
O=C(Nc1c[nH]c2ncccc12)Nc1cccc(c1)C#N,0
O=C(NC1CCC2SCC(N2C1=O)C(=O)NC(CC1CCNC1=O)C#N)OCc1ccccc1,0
O=C(Nc1ccccc1C#N)C(N1Cc2ccccc2C1=O)c1ccccc1,0
O=C(Nc1cccnc1)C(N1Cc2ccccc2C1=O)c1ccccc1,0
O=C(Nc1cccnc1)NC1(CC1)C#Cc1c[nH]cn1,0
O=C(Nc1nncn1C1CC1)C1CCS(=O)(=O)c2ccccc12,0
O=C(NCc1cccs1)C(N1Cc2ccccc2C1=O)c1ccccc1,0
O=CC(CC1CCNC1=O)NC(=O)C(CC1CCCCC1)NC(=O)c1cc2ccccc2[nH]1,1
O=CC(CC1CCNC1=O)NC(=O)C(Cc1ccccc1)NC(=O)OCc1ccccc1,1
O=CC(CC1CCNC1=O)NC(=O)C1C2CCCC2CN1C(=O)COc1ccc2OCCOc2c1,1
O=CC(CC1CCNC1=O)NC(=O)C1C2CCCC2CN1C(=O)COc1cccc(c1)-c1ccccc1,1
O=N(=O)C=Cc1ccc(cc1)C#N,0
O=S(=O)(Nc1ccccc1)c1cc2OCOc2cc1OCc1ccccc1,0
OC(=O)CC1(CCOc2ccc(G)cc12)C(=O)Nc1cncc2ccccc12,0
OC(=O)CNc1ccc2CCC(C(=O)NC(CC3CCNC3=O)C#N)n2c1=O,0
OC(Cc1cccc(G)c1)Cn1cncn1,0
OC1(CC(=O)Nc2ccc(G)cc12)C(=O)Nc1cncc2ccccc12,0
OC1CC(O)(CC(OC(=O)C=Cc2ccc(O)c(O)c2)C1O)C(O)=O,0
Oc1cc2oc(cc(=O)c2c(O)c1O)-c1ccccc1,1
Oc1ccc(CCC(=O)N2CC3CCCC3C2C(=O)NC(CC2CCNC2=O)C=O)cc1,1
Oc1ccc(CCC(=O)N2CC3CCCC3C2C(=O)NC(CC2CCNC2=O)C=O)cc1O,1
Oc1ccc(G)cc1C(=O)Nc1cnccc1G,0
Oc1cccc(CCC(=O)N2CC3CCCC3C2C(=O)NC(CC2CCNC2=O)C=O)c1,1
